player_name,position,game_info,stats,salary,fppg,points,row_number,scrape_date,week,day,game_time,points_clean,salary_clean,rank
Rico Dowdle,RB,"MIA 24 @ CAR 27, Final","23 RUSH ATT,206 RUSH YD,RUSH TD,4 TGT,3 REC,28 REC YD",$14,9.9,30.9,1,2025-10-06 13:36:33,Week 5,Sunday,9:30 AM (1 NFL Game),30.9,14,1
Jonathan Taylor,RB,"LV 6 @ IND 40, Final","17 RUSH ATT,66 RUSH YD,3 RUSH TD,4 TGT,3 REC,20 REC YD,2PT",$44,22.7,30.1,2,2025-10-06 13:36:33,Week 5,Sunday,9:30 AM (1 NFL Game),30.1,44,2
C.J. Stroud,QB,"HOU 44 @ BAL 10, Final","244 PASS YD,4 PASS TD,RUSH ATT,30 RUSH YD",$26,16.8,28.76,3,2025-10-06 13:36:57,Week 5,Sunday,1:00 PM (10 NFL Games),28.76,26,3
Sam Darnold,QB,"TB 38 @ SEA 35, Final","341 PASS YD,4 PASS TD,INT",$31,16.9,28.64,4,2025-10-06 13:36:57,Week 5,Sunday,1:00 PM (10 NFL Games),28.64,31,4
Dak Prescott,QB,"DAL 37 @ NYJ 22, Final","237 PASS YD,4 PASS TD,7 RUSH ATT,28 RUSH YD",$36,20.8,28.28,5,2025-10-06 13:36:57,Week 5,Sunday,1:00 PM (10 NFL Games),28.28,36,5
Emeka Egbuka,WR,"TB 38 @ SEA 35, Final","7 TGT,7 REC,163 REC YD,REC TD,2PT",$34,18.0,27.8,6,2025-10-06 13:36:57,Week 5,Sunday,1:00 PM (10 NFL Games),27.8,34,6
Baker Mayfield,QB,"TB 38 @ SEA 35, Final","379 PASS YD,2 PASS TD,5 RUSH ATT,15 RUSH YD,2PT",$38,21.3,26.66,7,2025-10-06 13:36:57,Week 5,Sunday,1:00 PM (10 NFL Games),26.66,38,7
Javonte Williams,RB,"DAL 37 @ NYJ 22, Final","16 RUSH ATT,135 RUSH YD,RUSH TD,2 TGT,REC,4 REC YD,REC TD",$28,19.0,26.4,8,2025-10-06 13:36:34,Week 5,Sunday,9:30 AM (1 NFL Game),26.4,28,8
Jacory Croskey-Merritt,RB,"WAS 27 @ LAC 10, Final","14 RUSH ATT,111 RUSH YD,2 RUSH TD,2 TGT,2 REC,39 REC YD,FUM LOST",$19,11.6,26.0,4,2025-10-06 13:37:35,Week 5,Sunday,4:05 PM (4 NFL Games),26.0,19,9
Ja'Marr Chase,WR,"DET 37 @ CIN 24, Final","10 TGT,6 REC,110 REC YD,2 REC TD",$37,14.1,26.0,5,2025-10-06 13:37:35,Week 5,Sunday,4:05 PM (4 NFL Games),26.0,37,10
Justin Fields,QB,"DAL 37 @ NYJ 22, Final","283 PASS YD,2 PASS TD,7 RUSH ATT,26 RUSH YD,2 2PT",$28,21.6,25.92,6,2025-10-06 13:37:20,Week 5,Sunday,1:00 PM (6 NFL Games),25.92,28,11
Jaxon Smith-Njigba,WR,"TB 38 @ SEA 35, Final","9 TGT,8 REC,132 REC YD,REC TD",$33,16.3,23.2,12,2025-10-06 13:36:57,Week 5,Sunday,1:00 PM (10 NFL Games),23.2,33,12
Tua Tagovailoa,QB,"MIA 24 @ CAR 27, Final","256 PASS YD,3 PASS TD,RUSH ATT,5 RUSH YD",$32,15.8,22.74,7,2025-10-06 13:37:20,Week 5,Sunday,1:00 PM (6 NFL Games),22.74,32,13
Jake Browning,QB,"DET 37 @ CIN 24, Final","251 PASS YD,3 PASS TD,3 INT,4 RUSH ATT,31 RUSH YD",$24,14.0,22.14,14,2025-10-06 13:36:34,Week 5,Sunday,9:30 AM (1 NFL Game),22.14,24,14
Rachaad White,RB,"TB 38 @ SEA 35, Final","14 RUSH ATT,41 RUSH YD,2 RUSH TD,4 TGT,4 REC,30 REC YD",$15,9.1,21.1,15,2025-10-06 13:36:57,Week 5,Sunday,1:00 PM (10 NFL Games),21.1,15,15
AJ Barner,TE,"TB 38 @ SEA 35, Final","7 TGT,7 REC,53 REC YD,2 REC TD",$10,9.0,20.8,9,2025-10-06 13:37:35,Week 5,Sunday,4:05 PM (4 NFL Games),20.8,10,16
Josh Allen,QB,"NE 23 @ BUF 20, Final","253 PASS YD,2 PASS TD,INT,9 RUSH ATT,53 RUSH YD,FUM LOST",$45,24.0,20.42,1,2025-10-06 13:37:50,Week 5,Sunday,8:20 PM (1 NFL Game),20.42,45,17
Jake Ferguson,TE,"DAL 37 @ NYJ 22, Final","9 TGT,7 REC,49 REC YD,2 REC TD",$18,13.1,20.4,8,2025-10-06 13:37:20,Week 5,Sunday,1:00 PM (6 NFL Games),20.4,18,18
Jared Goff,QB,"DET 37 @ CIN 24, Final","258 PASS YD,3 PASS TD,2 RUSH ATT,-2 RUSH YD,FUM LOST",$37,18.5,20.12,18,2025-10-06 13:36:57,Week 5,Sunday,1:00 PM (10 NFL Games),20.12,37,19
Jaylen Waddle,WR,"MIA 24 @ CAR 27, Final","9 TGT,6 REC,110 REC YD,REC TD",$23,11.8,20.0,19,2025-10-06 13:36:57,Week 5,Sunday,1:00 PM (10 NFL Games),20.0,23,20
Stefon Diggs,WR,"NE 23 @ BUF 20, Final","12 TGT,10 REC,146 REC YD",$21,10.1,19.6,2,2025-10-06 13:37:50,Week 5,Sunday,8:20 PM (1 NFL Game),19.6,21,21
Deebo Samuel,WR,"WAS 27 @ LAC 10, Final","11 TGT,8 REC,96 REC YD,REC TD",$27,14.7,19.6,20,2025-10-06 13:36:57,Week 5,Sunday,1:00 PM (10 NFL Games),19.6,27,22
Jalen Hurts,QB,"DEN 21 @ PHI 17, Final","280 PASS YD,2 PASS TD,2 RUSH ATT,3 RUSH YD",$39,20.8,19.5,21,2025-10-06 13:36:34,Week 5,Sunday,9:30 AM (1 NFL Game),19.5,39,23
Rashid Shaheed,WR,"NYG 14 @ NO 26, Final","5 TGT,4 REC,114 REC YD,REC TD",$23,10.5,19.4,11,2025-10-06 13:37:20,Week 5,Sunday,1:00 PM (6 NFL Games),19.4,23,24
Theo Johnson,TE,"NYG 14 @ NO 26, Final","7 TGT,6 REC,33 REC YD,2 REC TD",$11,7.1,18.3,23,2025-10-06 13:36:58,Week 5,Sunday,1:00 PM (10 NFL Games),18.3,11,25
New Orleans Saints,DEF,"NYG 14 @ NO 26, Final","14 PTS ALLOWED,SACK,2 INT,3 FUM REC,TD",$10,6.6,18.0,24,2025-10-06 13:36:58,Week 5,Sunday,1:00 PM (10 NFL Games),18.0,10,26
Bo Nix,QB,"DEN 21 @ PHI 17, Final","242 PASS YD,PASS TD,3 RUSH ATT,22 RUSH YD,2PT",$31,17.6,17.88,25,2025-10-06 13:36:34,Week 5,Sunday,9:30 AM (1 NFL Game),17.88,31,27
David Montgomery,RB,"DET 37 @ CIN 24, Final","3 PASS YD,PASS TD,18 RUSH ATT,65 RUSH YD,RUSH TD,TGT,REC,6 REC YD",$25,13.3,17.72,26,2025-10-06 13:36:58,Week 5,Sunday,1:00 PM (10 NFL Games),17.72,25,28
Sam LaPorta,TE,"DET 37 @ CIN 24, Final","6 TGT,5 REC,92 REC YD,REC TD",$19,8.7,17.7,27,2025-10-06 13:36:34,Week 5,Sunday,9:30 AM (1 NFL Game),17.7,19,29
Jaxson Dart,QB,"NYG 14 @ NO 26, Final","202 PASS YD,2 PASS TD,2 INT,7 RUSH ATT,55 RUSH YD,FUM LOST",$21,9.4,17.58,15,2025-10-06 13:37:20,Week 5,Sunday,1:00 PM (6 NFL Games),17.58,21,30
Jayden Daniels,QB,"WAS 27 @ LAC 10, Final","231 PASS YD,PASS TD,8 RUSH ATT,39 RUSH YD",$38,19.0,17.14,29,2025-10-06 13:36:34,Week 5,Sunday,9:30 AM (1 NFL Game),17.14,38,31
Indianapolis Colts,DEF,"LV 6 @ IND 40, Final","6 PTS ALLOWED,4 SACK,2 INT,BLK KICK",$15,10.2,17.0,16,2025-10-06 13:37:20,Week 5,Sunday,1:00 PM (6 NFL Games),17.0,15,32
Daniel Jones,QB,"LV 6 @ IND 40, Final","212 PASS YD,2 PASS TD,RUSH ATT,2 RUSH YD",$36,19.4,16.68,31,2025-10-06 13:36:58,Week 5,Sunday,1:00 PM (10 NFL Games),16.68,36,33
Darren Waller,TE,"MIA 24 @ CAR 27, Final","5 TGT,5 REC,78 REC YD,REC TD",$12,16.3,16.3,33,2025-10-06 13:36:58,Week 5,Sunday,1:00 PM (10 NFL Games),16.3,12,34
Saquon Barkley,RB,"DEN 21 @ PHI 17, Final","6 RUSH ATT,30 RUSH YD,3 TGT,3 REC,58 REC YD,REC TD",$35,14.4,16.3,18,2025-10-06 13:37:20,Week 5,Sunday,1:00 PM (6 NFL Games),16.3,35,35
Garrett Wilson,WR,"DAL 37 @ NYJ 22, Final","10 TGT,6 REC,71 REC YD,REC TD",$28,15.7,16.1,20,2025-10-06 13:37:20,Week 5,Sunday,1:00 PM (6 NFL Games),16.1,28,36
Michael Carter,RB,"TEN 22 @ ARI 21, Final","18 RUSH ATT,51 RUSH YD,RUSH TD,5 TGT,5 REC,22 REC YD",$21,8.0,15.8,15,2025-10-06 13:37:35,Week 5,Sunday,4:05 PM (4 NFL Games),15.8,21,37
Jahmyr Gibbs,RB,"DET 37 @ CIN 24, Final","12 RUSH ATT,54 RUSH YD,2 TGT,2 REC,33 REC YD,REC TD",$42,16.9,15.7,36,2025-10-06 13:36:34,Week 5,Sunday,9:30 AM (1 NFL Game),15.7,42,38
Justin Herbert,QB,"WAS 27 @ LAC 10, Final","166 PASS YD,PASS TD,INT,4 RUSH ATT,60 RUSH YD",$37,18.5,15.64,17,2025-10-06 13:37:35,Week 5,Sunday,4:05 PM (4 NFL Games),15.64,37,39
Spencer Rattler,QB,"NYG 14 @ NO 26, Final","225 PASS YD,PASS TD,6 RUSH ATT,21 RUSH YD,TGT,REC",$30,15.1,15.6,21,2025-10-06 13:37:20,Week 5,Sunday,1:00 PM (6 NFL Games),15.6,30,40
Calvin Ridley,WR,"TEN 22 @ ARI 21, Final","10 TGT,5 REC,131 REC YD",$20,6.9,15.6,39,2025-10-06 13:36:58,Week 5,Sunday,1:00 PM (10 NFL Games),15.6,20,41
Breece Hall,RB,"DAL 37 @ NYJ 22, Final","14 RUSH ATT,113 RUSH YD,5 TGT,4 REC,42 REC YD,FUM LOST",$28,11.3,15.5,40,2025-10-06 13:36:58,Week 5,Sunday,1:00 PM (10 NFL Games),15.5,28,42
Ryan Flournoy,WR,"DAL 37 @ NYJ 22, Final","2 RUSH ATT,10 RUSH YD,9 TGT,6 REC,114 REC YD",$10,5.5,15.4,41,2025-10-06 13:36:34,Week 5,Sunday,9:30 AM (1 NFL Game),15.4,10,43
DeVonta Smith,WR,"DEN 21 @ PHI 17, Final","10 TGT,8 REC,114 REC YD",$22,9.1,15.4,42,2025-10-06 13:36:34,Week 5,Sunday,9:30 AM (1 NFL Game),15.4,22,44
Xavier Hutchinson,WR,"HOU 44 @ BAL 10, Final","3 TGT,3 REC,18 REC YD,2 REC TD",$10,5.9,15.3,25,2025-10-06 13:37:21,Week 5,Sunday,1:00 PM (6 NFL Games),15.3,10,45
Kyler Murray,QB,"TEN 22 @ ARI 21, Final","220 PASS YD,4 RUSH ATT,25 RUSH YD,RUSH TD,FUM LOST",$35,16.2,15.3,19,2025-10-06 13:37:35,Week 5,Sunday,4:05 PM (4 NFL Games),15.3,35,46
J.K. Dobbins,RB,"DEN 21 @ PHI 17, Final","20 RUSH ATT,79 RUSH YD,RUSH TD,TGT,REC,5 REC YD",$24,13.9,14.9,26,2025-10-06 13:37:21,Week 5,Sunday,1:00 PM (6 NFL Games),14.9,24,47
Nico Collins,WR,"HOU 44 @ BAL 10, Final","RUSH ATT,8 RUSH YD,5 TGT,4 REC,52 REC YD,REC TD",$29,11.8,14.0,27,2025-10-06 13:37:21,Week 5,Sunday,1:00 PM (6 NFL Games),14.0,29,48
Amon-Ra St. Brown,WR,"DET 37 @ CIN 24, Final","9 TGT,8 REC,100 REC YD",$39,19.0,14.0,47,2025-10-06 13:36:58,Week 5,Sunday,1:00 PM (10 NFL Games),14.0,39,49
Courtland Sutton,WR,"DEN 21 @ PHI 17, Final","10 TGT,8 REC,99 REC YD",$25,13.5,13.9,48,2025-10-06 13:36:35,Week 5,Sunday,9:30 AM (1 NFL Game),13.9,25,50
Dalton Kincaid,TE,"NE 23 @ BUF 20, Final","6 TGT,6 REC,108 REC YD",$18,11.3,13.8,3,2025-10-06 13:37:50,Week 5,Sunday,8:20 PM (1 NFL Game),13.8,18,51
Rhamondre Stevenson,RB,"NE 23 @ BUF 20, Final","7 RUSH ATT,14 RUSH YD,2 RUSH TD,2 TGT,2 REC,13 REC YD,FUM LOST",$17,8.8,13.7,4,2025-10-06 13:37:50,Week 5,Sunday,8:20 PM (1 NFL Game),13.7,17,52
De'Von Achane,RB,"MIA 24 @ CAR 27, Final","10 RUSH ATT,16 RUSH YD,7 TGT,6 REC,30 REC YD,REC TD",$39,16.0,13.6,49,2025-10-06 13:36:35,Week 5,Sunday,9:30 AM (1 NFL Game),13.6,39,53
Ashton Jeanty,RB,"LV 6 @ IND 40, Final","14 RUSH ATT,67 RUSH YD,7 TGT,5 REC,42 REC YD",$31,13.8,13.4,50,2025-10-06 13:36:35,Week 5,Sunday,9:30 AM (1 NFL Game),13.4,31,54
Tony Pollard,RB,"TEN 22 @ ARI 21, Final","14 RUSH ATT,67 RUSH YD,RUSH TD,3 TGT,3 REC,11 REC YD,FUM LOST",$23,10.4,13.3,51,2025-10-06 13:36:35,Week 5,Sunday,9:30 AM (1 NFL Game),13.3,23,55
Mason Taylor,TE,"DAL 37 @ NYJ 22, Final","12 TGT,9 REC,67 REC YD,2PT",$10,5.9,13.2,52,2025-10-06 13:36:58,Week 5,Sunday,1:00 PM (10 NFL Games),13.2,10,56
Bryce Young,QB,"MIA 24 @ CAR 27, Final","198 PASS YD,2 PASS TD,INT,3 RUSH ATT,RUSH YD,FUM LOST",$30,13.5,13.02,53,2025-10-06 13:36:58,Week 5,Sunday,1:00 PM (10 NFL Games),13.02,30,57
Washington Commanders,DEF,"WAS 27 @ LAC 10, Final","10 PTS ALLOWED,5 SACK,INT,FUM REC",$12,7.4,13.0,22,2025-10-06 13:37:36,Week 5,Sunday,4:05 PM (4 NFL Games),13.0,12,58
George Pickens,WR,"DAL 37 @ NYJ 22, Final","4 TGT,2 REC,57 REC YD,REC TD",$35,15.4,12.7,55,2025-10-06 13:36:35,Week 5,Sunday,9:30 AM (1 NFL Game),12.7,35,59
Ladd McConkey,WR,"WAS 27 @ LAC 10, Final","7 TGT,5 REC,39 REC YD,REC TD",$24,7.6,12.4,58,2025-10-06 13:36:35,Week 5,Sunday,9:30 AM (1 NFL Game),12.4,24,60
Michael Pittman Jr.,WR,"LV 6 @ IND 40, Final","6 TGT,5 REC,39 REC YD,REC TD",$24,12.9,12.4,56,2025-10-06 13:36:35,Week 5,Sunday,9:30 AM (1 NFL Game),12.4,24,61
Tyler Warren,TE,"LV 6 @ IND 40, Final","4 TGT,4 REC,44 REC YD,REC TD",$21,11.0,12.4,57,2025-10-06 13:36:35,Week 5,Sunday,9:30 AM (1 NFL Game),12.4,21,62
Drake Maye,QB,"NE 23 @ BUF 20, Final","273 PASS YD,3 RUSH ATT,12 RUSH YD",$35,19.6,12.12,5,2025-10-06 13:37:50,Week 5,Sunday,8:20 PM (1 NFL Game),12.12,35,63
Nick Chubb,RB,"HOU 44 @ BAL 10, Final","11 RUSH ATT,61 RUSH YD,RUSH TD,TGT",$17,9.0,12.1,59,2025-10-06 13:36:58,Week 5,Sunday,1:00 PM (10 NFL Games),12.1,17,64
Marvin Harrison Jr.,WR,"TEN 22 @ ARI 21, Final","5 TGT,4 REC,98 REC YD",$26,10.5,11.8,24,2025-10-06 13:37:36,Week 5,Sunday,4:05 PM (4 NFL Games),11.8,26,65
Cam Skattebo,RB,"NYG 14 @ NO 26, Final","15 RUSH ATT,59 RUSH YD,7 TGT,6 REC,45 REC YD,FUM LOST",$29,11.9,11.4,61,2025-10-06 13:36:35,Week 5,Sunday,9:30 AM (1 NFL Game),11.4,29,66
Tory Horton,WR,"TB 38 @ SEA 35, Final","4 TGT,3 REC,39 REC YD,REC TD",$14,8.0,11.4,62,2025-10-06 13:36:58,Week 5,Sunday,1:00 PM (10 NFL Games),11.4,14,67
Zach Charbonnet,RB,"TB 38 @ SEA 35, Final","9 RUSH ATT,36 RUSH YD,RUSH TD,2 TGT,REC,12 REC YD",$20,8.6,11.3,26,2025-10-06 13:37:36,Week 5,Sunday,4:05 PM (4 NFL Games),11.3,20,68
Evan Engram,TE,"DEN 21 @ PHI 17, Final","6 TGT,4 REC,33 REC YD,REC TD",$12,5.4,11.3,63,2025-10-06 13:36:59,Week 5,Sunday,1:00 PM (10 NFL Games),11.3,12,69
Houston Texans,DEF,"HOU 44 @ BAL 10, Final","10 PTS ALLOWED,SACK,3 INT",$14,8.6,11.0,65,2025-10-06 13:36:35,Week 5,Sunday,9:30 AM (1 NFL Game),11.0,14,70
Andrei Iosivas,WR,"DET 37 @ CIN 24, Final","7 TGT,5 REC,82 REC YD",$12,5.2,10.7,66,2025-10-06 13:36:59,Week 5,Sunday,1:00 PM (10 NFL Games),10.7,12,71
Tetairoa McMillan,WR,"MIA 24 @ CAR 27, Final","8 TGT,6 REC,73 REC YD",$26,9.4,10.3,67,2025-10-06 13:36:35,Week 5,Sunday,9:30 AM (1 NFL Game),10.3,26,72
Cade Otton,TE,"TB 38 @ SEA 35, Final","5 TGT,4 REC,81 REC YD",$10,4.1,10.1,28,2025-10-06 13:37:36,Week 5,Sunday,4:05 PM (4 NFL Games),10.1,10,73
Xavier Legette,WR,"MIA 24 @ CAR 27, Final","3 TGT,2 REC,31 REC YD,REC TD",$12,4.3,10.1,68,2025-10-06 13:36:59,Week 5,Sunday,1:00 PM (10 NFL Games),10.1,12,74
Detroit Lions,DEF,"DET 37 @ CIN 24, Final","24 PTS ALLOWED,2 SACK,SAFETY,3 INT",$17,9.0,10.0,71,2025-10-06 13:36:35,Week 5,Sunday,9:30 AM (1 NFL Game),10.0,17,75
Omarion HamptonQ,RB,"WAS 27 @ LAC 10, Final","12 RUSH ATT,44 RUSH YD,6 TGT,6 REC,26 REC YD",$33,13.4,10.0,70,2025-10-06 13:36:35,Week 5,Sunday,9:30 AM (1 NFL Game),10.0,33,76
Sterling Shepard,WR,"TB 38 @ SEA 35, Final","RUSH ATT,-5 RUSH YD,5 TGT,4 REC,24 REC YD,REC TD",$11,6.7,9.9,72,2025-10-06 13:36:35,Week 5,Sunday,9:30 AM (1 NFL Game),9.9,11,77
Tee Higgins,WR,"DET 37 @ CIN 24, Final","7 TGT,3 REC,22 REC YD,REC TD",$25,6.9,9.7,74,2025-10-06 13:36:35,Week 5,Sunday,9:30 AM (1 NFL Game),9.7,25,78
Zay Flowers,WR,"HOU 44 @ BAL 10, Final","5 TGT,5 REC,72 REC YD",$29,11.8,9.7,73,2025-10-06 13:36:59,Week 5,Sunday,1:00 PM (10 NFL Games),9.7,29,79
Curtis Samuel,WR,"NE 23 @ BUF 20, Final","2 TGT,2 REC,26 REC YD,REC TD",$10,5.5,9.6,6,2025-10-06 13:37:50,Week 5,Sunday,8:20 PM (1 NFL Game),9.6,10,80
Chris Olave,WR,"NYG 14 @ NO 26, Final","11 TGT,7 REC,59 REC YD",$24,9.2,9.4,76,2025-10-06 13:36:35,Week 5,Sunday,9:30 AM (1 NFL Game),9.4,24,81
Dallas Goedert,TE,"DEN 21 @ PHI 17, Final","9 TGT,3 REC,19 REC YD,REC TD",$17,11.2,9.4,75,2025-10-06 13:36:35,Week 5,Sunday,9:30 AM (1 NFL Game),9.4,17,82
Derrick Henry,RB,"HOU 44 @ BAL 10, Final","15 RUSH ATT,33 RUSH YD,RUSH TD,TGT",$36,11.5,9.3,77,2025-10-06 13:36:59,Week 5,Sunday,1:00 PM (10 NFL Games),9.3,36,83
Kenneth Walker III,RB,"TB 38 @ SEA 35, Final","10 RUSH ATT,86 RUSH YD,TGT,REC",$26,12.1,9.1,79,2025-10-06 13:36:59,Week 5,Sunday,1:00 PM (10 NFL Games),9.1,26,84
Tre Tucker,WR,"LV 6 @ IND 40, Final","RUSH ATT,9 RUSH YD,6 TGT,4 REC,62 REC YD",$20,13.0,9.1,78,2025-10-06 13:36:59,Week 5,Sunday,1:00 PM (10 NFL Games),9.1,20,85
Tennessee Titans,DEF,"TEN 22 @ ARI 21, Final","21 PTS ALLOWED,3 SACK,3 FUM REC",$10,4.2,9.0,81,2025-10-06 13:36:59,Week 5,Sunday,1:00 PM (10 NFL Games),9.0,10,86
Cam Ward,QB,"TEN 22 @ ARI 21, Final","265 PASS YD,INT,5 RUSH ATT,-6 RUSH YD",$21,8.0,9.0,80,2025-10-06 13:36:59,Week 5,Sunday,1:00 PM (10 NFL Games),9.0,21,87
Bam Knight,RB,"TEN 22 @ ARI 21, Final","4 RUSH ATT,11 RUSH YD,RUSH TD,TGT,REC,13 REC YD",$10,3.0,8.9,83,2025-10-06 13:36:36,Week 5,Sunday,9:30 AM (1 NFL Game),8.9,10,88
Cooper Kupp,WR,"TB 38 @ SEA 35, Final","9 TGT,6 REC,59 REC YD",$17,6.5,8.9,82,2025-10-06 13:36:59,Week 5,Sunday,1:00 PM (10 NFL Games),8.9,17,89
Jaylin Noel,WR,"HOU 44 @ BAL 10, Final","RUSH ATT,5 RUSH YD,3 TGT,2 REC,13 REC YD,REC TD",$10,2.3,8.8,84,2025-10-06 13:36:59,Week 5,Sunday,1:00 PM (10 NFL Games),8.8,10,90
Dalton Schultz,TE,"HOU 44 @ BAL 10, Final","6 TGT,5 REC,60 REC YD",$11,5.8,8.5,85,2025-10-06 13:36:36,Week 5,Sunday,9:30 AM (1 NFL Game),8.5,11,91
Josh Downs,WR,"LV 6 @ IND 40, Final","8 TGT,6 REC,54 REC YD",$16,5.5,8.4,87,2025-10-06 13:36:36,Week 5,Sunday,9:30 AM (1 NFL Game),8.4,16,92
Christian Kirk,WR,"HOU 44 @ BAL 10, Final","4 TGT,4 REC,64 REC YD",$13,5.3,8.4,86,2025-10-06 13:36:59,Week 5,Sunday,1:00 PM (10 NFL Games),8.4,13,93
Keon Coleman,WR,"NE 23 @ BUF 20, Final","7 TGT,4 REC,23 REC YD,REC TD,FUM LOST",$19,8.6,8.3,7,2025-10-06 13:37:50,Week 5,Sunday,8:20 PM (1 NFL Game),8.3,19,94
Keenan Allen,WR,"WAS 27 @ LAC 10, Final","9 TGT,5 REC,58 REC YD",$26,12.3,8.3,88,2025-10-06 13:36:36,Week 5,Sunday,9:30 AM (1 NFL Game),8.3,26,95
Chase Brown,RB,"DET 37 @ CIN 24, Final","8 RUSH ATT,27 RUSH YD,8 TGT,7 REC,21 REC YD",$29,8.1,8.3,89,2025-10-06 13:36:36,Week 5,Sunday,9:30 AM (1 NFL Game),8.3,29,96
Tez Johnson,WR,"TB 38 @ SEA 35, Final","RUSH ATT,2 RUSH YD,4 TGT,4 REC,59 REC YD",$10,2.5,8.1,90,2025-10-06 13:36:59,Week 5,Sunday,1:00 PM (10 NFL Games),8.1,10,97
New England Patriots,DEF,"NE 23 @ BUF 20, Final","20 PTS ALLOWED,SACK,INT,2 FUM REC",$13,8.2,8.0,9,2025-10-06 13:37:50,Week 5,Sunday,8:20 PM (1 NFL Game),8.0,13,98
Khalil Shakir,WR,"NE 23 @ BUF 20, Final","RUSH ATT,5 RUSH YD,9 TGT,6 REC,45 REC YD",$21,9.4,8.0,8,2025-10-06 13:37:50,Week 5,Sunday,8:20 PM (1 NFL Game),8.0,21,99
Geno Smith,QB,"LV 6 @ IND 40, Final","228 PASS YD,2 INT,3 RUSH ATT,8 RUSH YD",$32,14.3,7.92,91,2025-10-06 13:36:36,Week 5,Sunday,9:30 AM (1 NFL Game),7.92,32,100
Brock Wright,TE,"DET 37 @ CIN 24, Final","3 TGT,2 REC,9 REC YD,REC TD",$10,9.1,7.9,92,2025-10-06 13:36:36,Week 5,Sunday,9:30 AM (1 NFL Game),7.9,10,101
Isaac TeSlaa,WR,"DET 37 @ CIN 24, Final","TGT,REC,12 REC YD,REC TD",$10,4.7,7.7,93,2025-10-06 13:36:59,Week 5,Sunday,1:00 PM (10 NFL Games),7.7,10,102
Alvin Kamara,RB,"NYG 14 @ NO 26, Final","8 RUSH ATT,27 RUSH YD,6 TGT,4 REC,28 REC YD",$30,9.7,7.5,94,2025-10-06 13:36:59,Week 5,Sunday,1:00 PM (10 NFL Games),7.5,30,103
Daniel Bellinger,TE,"NYG 14 @ NO 26, Final","4 TGT,4 REC,52 REC YD",$10,3.0,7.2,95,2025-10-06 13:36:59,Week 5,Sunday,1:00 PM (10 NFL Games),7.2,10,104
Tyler Lockett,WR,"TEN 22 @ ARI 21, Final","4 TGT,REC,6 REC YD,FUM RET TD",$10,2.9,7.1,96,2025-10-06 13:36:59,Week 5,Sunday,1:00 PM (10 NFL Games),7.1,10,105
Denver Broncos,DEF,"DEN 21 @ PHI 17, Final","17 PTS ALLOWED,6 SACK",$13,8.0,7.0,99,2025-10-06 13:36:59,Week 5,Sunday,1:00 PM (10 NFL Games),7.0,13,106
Miami Dolphins,DEF,"MIA 24 @ CAR 27, Final","27 PTS ALLOWED,3 SACK,INT,FUM REC",$10,4.8,7.0,100,2025-10-06 13:36:59,Week 5,Sunday,1:00 PM (10 NFL Games),7.0,10,107
Troy Franklin,WR,"DEN 21 @ PHI 17, Final","5 TGT,3 REC,35 REC YD,2PT",$16,8.5,7.0,98,2025-10-06 13:36:59,Week 5,Sunday,1:00 PM (10 NFL Games),7.0,16,108
Dallas Cowboys,DEF,"DAL 37 @ NYJ 22, Final","22 PTS ALLOWED,5 SACK,FUM REC",$11,2.2,7.0,97,2025-10-06 13:36:59,Week 5,Sunday,1:00 PM (10 NFL Games),7.0,11,109
Mitchell Evans,TE,"MIA 24 @ CAR 27, Final","TGT,REC,4 REC YD,REC TD",$10,4.9,6.9,101,2025-10-06 13:36:36,Week 5,Sunday,9:30 AM (1 NFL Game),6.9,10,110
A.J. Brown,WR,"DEN 21 @ PHI 17, Final","8 TGT,5 REC,43 REC YD",$22,7.0,6.8,102,2025-10-06 13:36:36,Week 5,Sunday,9:30 AM (1 NFL Game),6.8,22,111
Chig Okonkwo,TE,"TEN 22 @ ARI 21, Final","5 TGT,4 REC,48 REC YD",$12,5.1,6.8,103,2025-10-06 13:36:36,Week 5,Sunday,9:30 AM (1 NFL Game),6.8,12,112
Trey McBride,TE,"TEN 22 @ ARI 21, Final","7 TGT,5 REC,41 REC YD",$25,9.6,6.6,105,2025-10-06 13:36:36,Week 5,Sunday,9:30 AM (1 NFL Game),6.6,25,113
Andrew Beck,RB,"DAL 37 @ NYJ 22, Final","2 TGT,REC,REC YD,REC TD",$10,3.3,6.6,104,2025-10-06 13:37:00,Week 5,Sunday,1:00 PM (10 NFL Games),6.6,10,114
Ashton Dulin,WR,"LV 6 @ IND 40, Final","5 TGT,2 REC,55 REC YD",$10,2.1,6.5,106,2025-10-06 13:37:00,Week 5,Sunday,1:00 PM (10 NFL Games),6.5,10,115
Josh Reynolds,WR,"DAL 37 @ NYJ 22, Final","4 TGT,3 REC,29 REC YD,2PT",$10,3.1,6.4,107,2025-10-06 13:36:36,Week 5,Sunday,9:30 AM (1 NFL Game),6.4,10,116
Emari Demercado,RB,"TEN 22 @ ARI 21, Final","3 RUSH ATT,81 RUSH YD,FUM LOST",$10,3.8,6.1,109,2025-10-06 13:37:00,Week 5,Sunday,1:00 PM (10 NFL Games),6.1,10,117
Albert Okwuegbunam Jr.,TE,"LV 6 @ IND 40, Final","6 TGT,5 REC,36 REC YD",$10,6.1,6.1,108,2025-10-06 13:37:00,Week 5,Sunday,1:00 PM (10 NFL Games),6.1,10,118
Arizona Cardinals,DEF,"TEN 22 @ ARI 21, Final","22 PTS ALLOWED,2 SACK,INT,FUM REC",$16,7.0,6.0,110,2025-10-06 13:37:00,Week 5,Sunday,1:00 PM (10 NFL Games),6.0,16,119
Buffalo Bills,DEF,"NE 23 @ BUF 20, Final","23 PTS ALLOWED,4 SACK,FUM REC",$11,4.8,6.0,10,2025-10-06 13:37:50,Week 5,Sunday,8:20 PM (1 NFL Game),6.0,11,120
Kayshon Boutte,WR,"NE 23 @ BUF 20, Final","3 TGT,3 REC,43 REC YD",$15,6.7,5.8,11,2025-10-06 13:37:50,Week 5,Sunday,8:20 PM (1 NFL Game),5.8,15,121
Wan'Dale Robinson,WR,"NYG 14 @ NO 26, Final","RUSH ATT,2 RUSH YD,7 TGT,5 REC,30 REC YD",$22,8.9,5.7,111,2025-10-06 13:37:00,Week 5,Sunday,1:00 PM (10 NFL Games),5.7,22,122
DeAndre Hopkins,WR,"HOU 44 @ BAL 10, Final","2 TGT,2 REC,46 REC YD",$11,6.3,5.6,112,2025-10-06 13:37:00,Week 5,Sunday,1:00 PM (10 NFL Games),5.6,11,123
Hunter Henry,TE,"NE 23 @ BUF 20, Final","4 TGT,2 REC,46 REC YD",$18,10.3,5.6,12,2025-10-06 13:37:50,Week 5,Sunday,8:20 PM (1 NFL Game),5.6,18,124
Luke McCaffrey,WR,"WAS 27 @ LAC 10, Final","2 TGT,REC,50 REC YD",$10,6.4,5.5,113,2025-10-06 13:36:36,Week 5,Sunday,9:30 AM (1 NFL Game),5.5,10,125
Kendre Miller,RB,"NYG 14 @ NO 26, Final","10 RUSH ATT,41 RUSH YD,TGT,REC,8 REC YD",$11,5.3,5.4,114,2025-10-06 13:36:36,Week 5,Sunday,9:30 AM (1 NFL Game),5.4,11,126
Gunnar Helm,TE,"TEN 22 @ ARI 21, Final","5 TGT,4 REC,34 REC YD",$10,3.1,5.4,115,2025-10-06 13:37:00,Week 5,Sunday,1:00 PM (10 NFL Games),5.4,10,127
Jayden Higgins,WR,"HOU 44 @ BAL 10, Final","4 TGT,4 REC,32 REC YD",$11,4.5,5.2,116,2025-10-06 13:37:00,Week 5,Sunday,1:00 PM (10 NFL Games),5.2,11,128
Jakobi Meyers,WR,"LV 6 @ IND 40, Final","6 TGT,4 REC,32 REC YD",$27,8.3,5.2,117,2025-10-06 13:37:00,Week 5,Sunday,1:00 PM (10 NFL Games),5.2,27,129
Quentin Johnston,WR,"WAS 27 @ LAC 10, Final","RUSH ATT,9 RUSH YD,4 TGT,4 REC,40 REC YD,FUM LOST",$28,14.7,4.9,118,2025-10-06 13:37:00,Week 5,Sunday,1:00 PM (10 NFL Games),4.9,28,130
James Cook III,RB,"NE 23 @ BUF 20, Final","15 RUSH ATT,49 RUSH YD,TGT",$41,18.0,4.9,13,2025-10-06 13:37:50,Week 5,Sunday,8:20 PM (1 NFL Game),4.9,41,131
Jeremy Ruckert,TE,"DAL 37 @ NYJ 22, Final","4 TGT,4 REC,28 REC YD",$10,4.3,4.8,119,2025-10-06 13:36:36,Week 5,Sunday,9:30 AM (1 NFL Game),4.8,10,132
Isaiah Davis,RB,"DAL 37 @ NYJ 22, Final","RUSH ATT,5 RUSH YD,4 TGT,3 REC,28 REC YD",$10,2.3,4.8,120,2025-10-06 13:36:37,Week 5,Sunday,9:30 AM (1 NFL Game),4.8,10,133
Joshua Palmer,WR,"NE 23 @ BUF 20, Final","2 TGT,2 REC,36 REC YD",$14,4.7,4.6,14,2025-10-06 13:37:50,Week 5,Sunday,8:20 PM (1 NFL Game),4.6,14,134
RJ Harvey,RB,"DEN 21 @ PHI 17, Final","4 RUSH ATT,12 RUSH YD,3 TGT,3 REC,18 REC YD",$13,7.1,4.5,121,2025-10-06 13:37:00,Week 5,Sunday,1:00 PM (10 NFL Games),4.5,13,135
Julian Hill,TE,"MIA 24 @ CAR 27, Final","5 TGT,4 REC,22 REC YD",$10,1.9,4.2,123,2025-10-06 13:37:00,Week 5,Sunday,1:00 PM (10 NFL Games),4.2,10,136
Jack Bech,WR,"LV 6 @ IND 40, Final","5 TGT,3 REC,27 REC YD",$10,2.1,4.2,122,2025-10-06 13:37:00,Week 5,Sunday,1:00 PM (10 NFL Games),4.2,10,137
Cooper Rush,QB,"HOU 44 @ BAL 10, Final","179 PASS YD,3 INT",$20,1.9,4.16,124,2025-10-06 13:36:37,Week 5,Sunday,9:30 AM (1 NFL Game),4.16,20,138
Chris Godwin Jr.,WR,"TB 38 @ SEA 35, Final","4 TGT,3 REC,26 REC YD",$24,4.1,4.1,126,2025-10-06 13:36:37,Week 5,Sunday,9:30 AM (1 NFL Game),4.1,24,139
Dareke Young,WR,"TB 38 @ SEA 35, Final","TGT,REC,36 REC YD",$10,1.5,4.1,127,2025-10-06 13:36:37,Week 5,Sunday,9:30 AM (1 NFL Game),4.1,10,140
Jimmy Horn Jr.,WR,"MIA 24 @ CAR 27, Final","2 RUSH ATT,10 RUSH YD,3 TGT,2 REC,21 REC YD",$10,4.1,4.1,125,2025-10-06 13:36:37,Week 5,Sunday,9:30 AM (1 NFL Game),4.1,10,141
Tyler Conklin,TE,"WAS 27 @ LAC 10, Final","3 TGT,2 REC,30 REC YD",$10,2.8,4.0,128,2025-10-06 13:36:37,Week 5,Sunday,9:30 AM (1 NFL Game),4.0,10,142
Samaje Perine,RB,"DET 37 @ CIN 24, Final","4 RUSH ATT,27 RUSH YD,2 TGT,2 REC,2 REC YD",$10,1.2,3.9,129,2025-10-06 13:36:37,Week 5,Sunday,9:30 AM (1 NFL Game),3.9,10,143
TreVeyon Henderson,RB,"NE 23 @ BUF 20, Final","6 RUSH ATT,24 RUSH YD,3 TGT,2 REC,3 REC YD",$21,6.9,3.7,15,2025-10-06 13:37:50,Week 5,Sunday,8:20 PM (1 NFL Game),3.7,21,144
Ian Thomas,TE,"LV 6 @ IND 40, Final","3 TGT,3 REC,20 REC YD",$10,1.8,3.5,130,2025-10-06 13:37:00,Week 5,Sunday,1:00 PM (10 NFL Games),3.5,10,145
Trevor Etienne,RB,"MIA 24 @ CAR 27, Final","4 RUSH ATT,22 RUSH YD,TGT,REC,7 REC YD",$10,1.6,3.4,131,2025-10-06 13:36:37,Week 5,Sunday,9:30 AM (1 NFL Game),3.4,10,146
Brenden Bates,TE,"HOU 44 @ BAL 10, Final","2 TGT,2 REC,23 REC YD",$10,3.3,3.3,132,2025-10-06 13:36:37,Week 5,Sunday,9:30 AM (1 NFL Game),3.3,10,147
Mark Andrews,TE,"HOU 44 @ BAL 10, Final","3 TGT,2 REC,22 REC YD",$17,7.1,3.2,133,2025-10-06 13:36:37,Week 5,Sunday,9:30 AM (1 NFL Game),3.2,17,148
Antonio GibsonQ,RB,"NE 23 @ BUF 20, Final","6 RUSH ATT,21 RUSH YD,TGT,REC,5 REC YD",$10,4.4,3.1,16,2025-10-06 13:37:50,Week 5,Sunday,8:20 PM (1 NFL Game),3.1,10,149
Los Angeles Chargers,DEF,"WAS 27 @ LAC 10, Final","27 PTS ALLOWED,SACK,FUM REC",$12,5.4,3.0,135,2025-10-06 13:36:37,Week 5,Sunday,9:30 AM (1 NFL Game),3.0,12,150
Carolina Panthers,DEF,"MIA 24 @ CAR 27, Final","24 PTS ALLOWED,3 SACK",$12,5.4,3.0,134,2025-10-06 13:37:00,Week 5,Sunday,1:00 PM (10 NFL Games),3.0,12,151
Marvin Mims Jr.,WR,"DEN 21 @ PHI 17, Final","RUSH ATT,9 RUSH YD,5 TGT,2 REC,10 REC YD",$14,6.3,2.9,136,2025-10-06 13:36:37,Week 5,Sunday,9:30 AM (1 NFL Game),2.9,14,152
Devin Singletary,RB,"NYG 14 @ NO 26, Final","6 RUSH ATT,20 RUSH YD,2 TGT,REC,4 REC YD",$10,1.6,2.9,138,2025-10-06 13:36:37,Week 5,Sunday,9:30 AM (1 NFL Game),2.9,10,153
Jahan Dotson,WR,"DEN 21 @ PHI 17, Final","3 TGT,REC,24 REC YD",$10,2.5,2.9,137,2025-10-06 13:37:00,Week 5,Sunday,1:00 PM (10 NFL Games),2.9,10,154
Trey Lance,QB,"WAS 27 @ LAC 10, Final","44 PASS YD,RUSH ATT,11 RUSH YD",$20,2.9,2.86,139,2025-10-06 13:37:00,Week 5,Sunday,1:00 PM (10 NFL Games),2.86,20,155
Elic Ayomanor,WR,"TEN 22 @ ARI 21, Final","4 TGT,2 REC,18 REC YD",$16,7.2,2.8,141,2025-10-06 13:37:00,Week 5,Sunday,1:00 PM (10 NFL Games),2.8,16,156
Grant CalcaterraQ,TE,"DEN 21 @ PHI 17, Final","2 TGT,2 REC,18 REC YD",$10,1.5,2.8,140,2025-10-06 13:37:00,Week 5,Sunday,1:00 PM (10 NFL Games),2.8,10,157
DeMario Douglas,WR,"NE 23 @ BUF 20, Final","3 TGT,2 REC,17 REC YD",$11,3.2,2.7,17,2025-10-06 13:37:51,Week 5,Sunday,8:20 PM (1 NFL Game),2.7,11,158
Juwan Johnson,TE,"NYG 14 @ NO 26, Final","4 TGT,2 REC,17 REC YD",$17,8.0,2.7,142,2025-10-06 13:37:00,Week 5,Sunday,1:00 PM (10 NFL Games),2.7,17,159
Chimere Dike,WR,"TEN 22 @ ARI 21, Final","5 TGT,2 REC,17 REC YD",$10,1.4,2.7,143,2025-10-06 13:36:37,Week 5,Sunday,9:30 AM (1 NFL Game),2.7,10,160
Tanner Conner,TE,"MIA 24 @ CAR 27, Final","2 TGT,2 REC,16 REC YD",$10,1.9,2.6,145,2025-10-06 13:36:37,Week 5,Sunday,9:30 AM (1 NFL Game),2.6,10,161
Michael Wilson,WR,"TEN 22 @ ARI 21, Final","4 TGT,2 REC,16 REC YD",$12,3.0,2.6,146,2025-10-06 13:37:01,Week 5,Sunday,1:00 PM (10 NFL Games),2.6,12,162
Darius SlaytonQ,WR,"NYG 14 @ NO 26, Final","6 TGT,3 REC,31 REC YD,FUM LOST",$14,4.1,2.6,144,2025-10-06 13:37:01,Week 5,Sunday,1:00 PM (10 NFL Games),2.6,14,163
Mike Gesicki,TE,"DET 37 @ CIN 24, Final","5 TGT,2 REC,15 REC YD",$10,2.0,2.5,147,2025-10-06 13:37:01,Week 5,Sunday,1:00 PM (10 NFL Games),2.5,10,164
Dawson Knox,TE,"NE 23 @ BUF 20, Final","2 TGT,2 REC,15 REC YD",$10,2.1,2.5,18,2025-10-06 13:37:51,Week 5,Sunday,8:20 PM (1 NFL Game),2.5,10,165
Kimani Vidal,RB,"WAS 27 @ LAC 10, Final","4 RUSH ATT,18 RUSH YD,TGT,REC,REC YD",$10,1.2,2.4,149,2025-10-06 13:37:01,Week 5,Sunday,1:00 PM (10 NFL Games),2.4,10,166
Woody Marks,RB,"HOU 44 @ BAL 10, Final","7 RUSH ATT,24 RUSH YD,TGT",$17,7.7,2.4,148,2025-10-06 13:36:37,Week 5,Sunday,9:30 AM (1 NFL Game),2.4,17,167
Devaughn Vele,WR,"NYG 14 @ NO 26, Final","2 TGT,2 REC,13 REC YD",$10,3.6,2.3,150,2025-10-06 13:37:01,Week 5,Sunday,1:00 PM (10 NFL Games),2.3,10,168
Jeremy McNichols,RB,"WAS 27 @ LAC 10, Final","RUSH ATT,6 RUSH YD,2 TGT,REC,12 REC YD",$10,4.9,2.3,151,2025-10-06 13:37:01,Week 5,Sunday,1:00 PM (10 NFL Games),2.3,10,169
DJ Giddens,RB,"LV 6 @ IND 40, Final","5 RUSH ATT,22 RUSH YD,TGT",$10,1.7,2.2,153,2025-10-06 13:37:01,Week 5,Sunday,1:00 PM (10 NFL Games),2.2,10,170
Greg Dortch,WR,"TEN 22 @ ARI 21, Final","2 TGT,2 REC,12 REC YD",$10,2.4,2.2,154,2025-10-06 13:37:01,Week 5,Sunday,1:00 PM (10 NFL Games),2.2,10,171
Raheem Mostert,RB,"LV 6 @ IND 40, Final","7 RUSH ATT,22 RUSH YD",$10,5.0,2.2,152,2025-10-06 13:37:01,Week 5,Sunday,1:00 PM (10 NFL Games),2.2,10,172
Tyler Badie,RB,"DEN 21 @ PHI 17, Final","2 TGT,REC,16 REC YD",$10,1.9,2.1,155,2025-10-06 13:37:01,Week 5,Sunday,1:00 PM (10 NFL Games),2.1,10,173
Jaylin Lane,WR,"WAS 27 @ LAC 10, Final","2 TGT,REC,16 REC YD",$10,2.7,2.1,157,2025-10-06 13:37:01,Week 5,Sunday,1:00 PM (10 NFL Games),2.1,10,174
Dameon Pierce,RB,"HOU 44 @ BAL 10, Final","7 RUSH ATT,21 RUSH YD",$10,1.3,2.1,156,2025-10-06 13:37:01,Week 5,Sunday,1:00 PM (10 NFL Games),2.1,10,175
Elijah Higgins,TE,"TEN 22 @ ARI 21, Final","2 TGT,2 REC,10 REC YD",$10,1.9,2.0,161,2025-10-06 13:37:01,Week 5,Sunday,1:00 PM (10 NFL Games),2.0,10,176
Hassan Haskins,RB,"WAS 27 @ LAC 10, Final","5 RUSH ATT,13 RUSH YD,TGT,REC,2 REC YD",$10,0.4,2.0,162,2025-10-06 13:37:01,Week 5,Sunday,1:00 PM (10 NFL Games),2.0,10,177
Cincinnati Bengals,DEF,"DET 37 @ CIN 24, Final","35 PTS ALLOWED,4 SACK,FUM REC",$10,2.8,2.0,163,2025-10-06 13:37:01,Week 5,Sunday,1:00 PM (10 NFL Games),2.0,10,178
Malik Washington,WR,"MIA 24 @ CAR 27, Final","5 TGT,4 REC",$11,4.5,2.0,160,2025-10-06 13:37:01,Week 5,Sunday,1:00 PM (10 NFL Games),2.0,11,179
Philadelphia Eagles,DEF,"DEN 21 @ PHI 17, Final","21 PTS ALLOWED,2 SACK",$15,7.4,2.0,159,2025-10-06 13:37:01,Week 5,Sunday,1:00 PM (10 NFL Games),2.0,15,180
Trent Sherfield Sr.,WR,"DEN 21 @ PHI 17, Final","2 TGT,REC,15 REC YD",$10,1.2,2.0,158,2025-10-06 13:37:01,Week 5,Sunday,1:00 PM (10 NFL Games),2.0,10,181
Arian Smith,WR,"DAL 37 @ NYJ 22, Final","TGT,REC,14 REC YD",$10,0.8,1.9,164,2025-10-06 13:37:01,Week 5,Sunday,1:00 PM (10 NFL Games),1.9,10,182
Oronde Gadsden,TE,"WAS 27 @ LAC 10, Final","TGT,REC,14 REC YD",$10,3.9,1.9,165,2025-10-06 13:36:38,Week 5,Sunday,9:30 AM (1 NFL Game),1.9,10,183
Zay Jones,WR,"TEN 22 @ ARI 21, Final","3 TGT,2 REC,8 REC YD",$10,1.6,1.8,167,2025-10-06 13:37:01,Week 5,Sunday,1:00 PM (10 NFL Games),1.8,10,184
Keaton Mitchell,RB,"HOU 44 @ BAL 10, Final","3 RUSH ATT,8 RUSH YD,TGT,REC,5 REC YD",$10,1.8,1.8,166,2025-10-06 13:37:01,Week 5,Sunday,1:00 PM (10 NFL Games),1.8,10,185
Anthony Richardson Sr.,QB,"LV 6 @ IND 40, Final","9 PASS YD,TGT,REC,9 REC YD",$20,0.8,1.76,168,2025-10-06 13:36:38,Week 5,Sunday,9:30 AM (1 NFL Game),1.76,20,186
Isaiah Likely,TE,"HOU 44 @ BAL 10, Final","TGT,REC,12 REC YD",$13,1.7,1.7,170,2025-10-06 13:37:01,Week 5,Sunday,1:00 PM (10 NFL Games),1.7,13,187
Justice Hill,RB,"HOU 44 @ BAL 10, Final","RUSH ATT,3 RUSH YD,2 TGT,REC,9 REC YD",$15,7.5,1.7,169,2025-10-06 13:36:38,Week 5,Sunday,9:30 AM (1 NFL Game),1.7,15,188
Adam Trautman,TE,"DEN 21 @ PHI 17, Final","TGT,REC,11 REC YD",$10,3.8,1.6,171,2025-10-06 13:36:38,Week 5,Sunday,9:30 AM (1 NFL Game),1.6,10,189
James Mitchell,TE,"MIA 24 @ CAR 27, Final","TGT,REC,11 REC YD",$10,2.2,1.6,172,2025-10-06 13:36:38,Week 5,Sunday,9:30 AM (1 NFL Game),1.6,10,190
British Brooks,RB,"HOU 44 @ BAL 10, Final","2 RUSH ATT,15 RUSH YD",$10,1.5,1.5,174,2025-10-06 13:36:38,Week 5,Sunday,9:30 AM (1 NFL Game),1.5,10,191
Charlie Kolar,TE,"HOU 44 @ BAL 10, Final","TGT,REC,10 REC YD",$10,1.6,1.5,175,2025-10-06 13:36:38,Week 5,Sunday,9:30 AM (1 NFL Game),1.5,10,192
Elijah Arroyo,TE,"TB 38 @ SEA 35, Final","TGT,REC,10 REC YD",$10,2.4,1.5,176,2025-10-06 13:37:01,Week 5,Sunday,1:00 PM (10 NFL Games),1.5,10,193
Hunter Luepke,RB,"DAL 37 @ NYJ 22, Final","TGT,REC,10 REC YD",$10,0.7,1.5,173,2025-10-06 13:36:38,Week 5,Sunday,9:30 AM (1 NFL Game),1.5,10,194
Jameson Williams,WR,"DET 37 @ CIN 24, Final","RUSH ATT,RUSH YD,TGT,REC,9 REC YD",$22,6.8,1.5,177,2025-10-06 13:37:01,Week 5,Sunday,1:00 PM (10 NFL Games),1.5,22,195
Brycen Tremayne,WR,"MIA 24 @ CAR 27, Final","TGT,REC,9 REC YD",$10,3.1,1.4,178,2025-10-06 13:36:38,Week 5,Sunday,9:30 AM (1 NFL Game),1.4,10,196
John Bates,TE,"WAS 27 @ LAC 10, Final","TGT,REC,9 REC YD",$10,1.4,1.4,180,2025-10-06 13:36:38,Week 5,Sunday,9:30 AM (1 NFL Game),1.4,10,197
Sean Tucker,RB,"TB 38 @ SEA 35, Final","3 RUSH ATT,3 RUSH YD,3 TGT,3 REC,-4 REC YD",$10,0.3,1.4,179,2025-10-06 13:37:01,Week 5,Sunday,1:00 PM (10 NFL Games),1.4,10,198
Tay Martin,WR,"WAS 27 @ LAC 10, Final","TGT,REC,9 REC YD",$10,1.7,1.4,181,2025-10-06 13:37:01,Week 5,Sunday,1:00 PM (10 NFL Games),1.4,10,199
Davis Mills,QB,"HOU 44 @ BAL 10, Final","23 PASS YD,3 RUSH ATT,3 RUSH YD",$20,1.2,1.22,182,2025-10-06 13:37:01,Week 5,Sunday,1:00 PM (10 NFL Games),1.22,20,200
A.J. Dillon,RB,"DEN 21 @ PHI 17, Final","2 RUSH ATT,12 RUSH YD",$10,1.5,1.2,183,2025-10-06 13:37:02,Week 5,Sunday,1:00 PM (10 NFL Games),1.2,10,201
Beaux Collins,WR,"NYG 14 @ NO 26, Final","3 TGT,REC,7 REC YD",$10,0.6,1.2,184,2025-10-06 13:37:02,Week 5,Sunday,1:00 PM (10 NFL Games),1.2,10,202
Hunter Renfrow,WR,"MIA 24 @ CAR 27, Final","3 TGT,REC,7 REC YD",$10,5.4,1.2,185,2025-10-06 13:36:38,Week 5,Sunday,9:30 AM (1 NFL Game),1.2,10,203
Tommy Tremble,TE,"MIA 24 @ CAR 27, Final","2 TGT,REC,7 REC YD",$10,4.1,1.2,186,2025-10-06 13:36:38,Week 5,Sunday,9:30 AM (1 NFL Game),1.2,10,204
Harrison Bryant,TE,"HOU 44 @ BAL 10, Final","2 TGT,REC,5 REC YD",$10,0.5,1.0,187,2025-10-06 13:37:02,Week 5,Sunday,1:00 PM (10 NFL Games),1.0,10,205
New York Giants,DEF,"NYG 14 @ NO 26, Final",20 PTS ALLOWED,$10,2.8,1.0,189,2025-10-06 13:37:02,Week 5,Sunday,1:00 PM (10 NFL Games),1.0,10,206
Ty Johnson,RB,"NE 23 @ BUF 20, Final","2 RUSH ATT,10 RUSH YD",$10,1.3,1.0,19,2025-10-06 13:37:51,Week 5,Sunday,8:20 PM (1 NFL Game),1.0,10,207
Brandin Cooks,WR,"NYG 14 @ NO 26, Final","TGT,REC,5 REC YD",$10,3.3,1.0,188,2025-10-06 13:36:38,Week 5,Sunday,9:30 AM (1 NFL Game),1.0,10,208
Will Shipley,RB,"DEN 21 @ PHI 17, Final","RUSH ATT,2 TGT,REC,4 REC YD",$10,1.2,0.9,190,2025-10-06 13:37:02,Week 5,Sunday,1:00 PM (10 NFL Games),0.9,10,209
Adam Prentice,RB,"DEN 21 @ PHI 17, Final","RUSH ATT,8 RUSH YD",$10,0.7,0.8,193,2025-10-06 13:36:38,Week 5,Sunday,9:30 AM (1 NFL Game),0.8,10,210
Luke Schoonmaker,TE,"DAL 37 @ NYJ 22, Final","2 TGT,REC,3 REC YD",$10,0.7,0.8,191,2025-10-06 13:37:02,Week 5,Sunday,1:00 PM (10 NFL Games),0.8,10,211
Allen Lazard,WR,"DAL 37 @ NYJ 22, Final","2 TGT,REC,3 REC YD",$10,3.5,0.8,192,2025-10-06 13:37:02,Week 5,Sunday,1:00 PM (10 NFL Games),0.8,10,212
Zaire Mitchell-Paden,TE,"HOU 44 @ BAL 10, Final","TGT,REC,3 REC YD",$10,0.4,0.8,194,2025-10-06 13:37:02,Week 5,Sunday,1:00 PM (10 NFL Games),0.8,10,213
Chris Rodriguez Jr.,RB,"WAS 27 @ LAC 10, Final","5 RUSH ATT,7 RUSH YD",$12,3.5,0.7,196,2025-10-06 13:37:02,Week 5,Sunday,1:00 PM (10 NFL Games),0.7,12,214
Jaydon Blue,RB,"DAL 37 @ NYJ 22, Final","4 RUSH ATT,7 RUSH YD",$10,0.7,0.7,195,2025-10-06 13:37:02,Week 5,Sunday,1:00 PM (10 NFL Games),0.7,10,215
Taysom Hill,TE,"NYG 14 @ NO 26, Final","19 PASS YD,6 RUSH ATT,-1 RUSH YD",$16,0.7,0.66,197,2025-10-06 13:37:02,Week 5,Sunday,1:00 PM (10 NFL Games),0.66,16,216
Drew Sample,TE,"DET 37 @ CIN 24, Final","TGT,REC,-1 REC YD",$10,2.7,0.4,198,2025-10-06 13:36:39,Week 5,Sunday,9:30 AM (1 NFL Game),0.4,10,217
Julius Chestnut,RB,"TEN 22 @ ARI 21, Final","RUSH ATT,3 RUSH YD,TGT",$10,0.8,0.3,199,2025-10-06 13:37:02,Week 5,Sunday,1:00 PM (10 NFL Games),0.3,10,218
Ray Davis,RB,"NE 23 @ BUF 20, Final","2 RUSH ATT,RUSH YD",$10,0.7,0.1,20,2025-10-06 13:37:51,Week 5,Sunday,8:20 PM (1 NFL Game),0.1,10,219
Scott Matlock,RB,"WAS 27 @ LAC 10, Final",,$10,0.6,0.0,328,2025-10-06 13:37:05,Week 5,Sunday,1:00 PM (10 NFL Games),0.0,10,220
Jake Bobo,WR,"TB 38 @ SEA 35, Final",,$10,2.2,0.0,297,2025-10-06 13:37:04,Week 5,Sunday,1:00 PM (10 NFL Games),0.0,10,221
Drew Lock,QB,"TB 38 @ SEA 35, Final",,$20,0.5,0.0,296,2025-10-06 13:37:04,Week 5,Sunday,1:00 PM (10 NFL Games),0.0,20,222
Trey BensonIR,RB,"TEN 22 @ ARI 21, Final",,$24,7.2,0.0,312,2025-10-06 13:37:05,Week 5,Sunday,1:00 PM (10 NFL Games),0.0,24,223
Tip ReimanQ,TE,"TEN 22 @ ARI 21, Final",TGT,$10,0.8,0.0,313,2025-10-06 13:37:05,Week 5,Sunday,1:00 PM (10 NFL Games),0.0,10,224
Xavier Weaver,WR,"TEN 22 @ ARI 21, Final",,$10,—,0.0,314,2025-10-06 13:37:05,Week 5,Sunday,1:00 PM (10 NFL Games),0.0,10,225
James ConnerIR,RB,"TEN 22 @ ARI 21, Final",,$13,9.8,0.0,315,2025-10-06 13:37:05,Week 5,Sunday,1:00 PM (10 NFL Games),0.0,13,226
KeAndre Lambert-Smith,WR,"WAS 27 @ LAC 10, Final",,$10,—,0.0,330,2025-10-06 13:37:05,Week 5,Sunday,1:00 PM (10 NFL Games),0.0,10,227
Tre' Harris,WR,"WAS 27 @ LAC 10, Final",,$10,1.5,0.0,329,2025-10-06 13:37:05,Week 5,Sunday,1:00 PM (10 NFL Games),0.0,10,228
George Holani,RB,"TB 38 @ SEA 35, Final",,$10,1.8,0.0,299,2025-10-06 13:37:04,Week 5,Sunday,1:00 PM (10 NFL Games),0.0,10,229
Derius DavisO,WR,"WAS 27 @ LAC 10, Final",,$10,-0.5,0.0,327,2025-10-06 13:37:05,Week 5,Sunday,1:00 PM (10 NFL Games),0.0,10,230
Tucker Fisk,TE,"WAS 27 @ LAC 10, Final",,$10,—,0.0,326,2025-10-06 13:37:05,Week 5,Sunday,1:00 PM (10 NFL Games),0.0,10,231
Will DisslyO,TE,"WAS 27 @ LAC 10, Final",,$10,1.8,0.0,325,2025-10-06 13:37:05,Week 5,Sunday,1:00 PM (10 NFL Games),0.0,10,232
Colson Yankoff,TE,"WAS 27 @ LAC 10, Final",,$10,—,0.0,324,2025-10-06 13:37:05,Week 5,Sunday,1:00 PM (10 NFL Games),0.0,10,233
Ben Sinnott,TE,"WAS 27 @ LAC 10, Final",,$10,1.2,0.0,323,2025-10-06 13:37:05,Week 5,Sunday,1:00 PM (10 NFL Games),0.0,10,234
Terry McLaurinO,WR,"WAS 27 @ LAC 10, Final",,$23,6.6,0.0,322,2025-10-06 13:37:05,Week 5,Sunday,1:00 PM (10 NFL Games),0.0,23,235
Noah BrownO,WR,"WAS 27 @ LAC 10, Final",,$10,2.6,0.0,321,2025-10-06 13:37:05,Week 5,Sunday,1:00 PM (10 NFL Games),0.0,10,236
Chris Moore,WR,"WAS 27 @ LAC 10, Final",TGT,$10,2.1,0.0,320,2025-10-06 13:37:05,Week 5,Sunday,1:00 PM (10 NFL Games),0.0,10,237
Brady Russell,RB,"TB 38 @ SEA 35, Final",,$10,—,0.0,298,2025-10-06 13:37:04,Week 5,Sunday,1:00 PM (10 NFL Games),0.0,10,238
Tyrone Tracy Jr.O,RB,"NYG 14 @ NO 26, Final",,$13,5.4,0.0,247,2025-10-06 13:37:03,Week 5,Sunday,1:00 PM (10 NFL Games),0.0,13,239
Robbie OuztsIR,RB,"TB 38 @ SEA 35, Final",,$10,—,0.0,300,2025-10-06 13:37:04,Week 5,Sunday,1:00 PM (10 NFL Games),0.0,10,240
Simi Fehoko,WR,"TEN 22 @ ARI 21, Final",,$10,—,0.0,310,2025-10-06 13:37:05,Week 5,Sunday,1:00 PM (10 NFL Games),0.0,10,241
Jalen Tolbert,WR,"DAL 37 @ NYJ 22, Final",TGT,$14,3.4,0.0,202,2025-10-06 13:36:39,Week 5,Sunday,9:30 AM (1 NFL Game),0.0,14,242
KaVontae TurpinO,WR,"DAL 37 @ NYJ 22, Final",,$15,7.4,0.0,203,2025-10-06 13:36:39,Week 5,Sunday,9:30 AM (1 NFL Game),0.0,15,243
Jacob Saylors,RB,"DET 37 @ CIN 24, Final",,$10,0.2,0.0,334,2025-10-06 13:37:05,Week 5,Sunday,1:00 PM (10 NFL Games),0.0,10,244
Kyle Allen,QB,"DET 37 @ CIN 24, Final",,$20,-0.2,0.0,332,2025-10-06 13:37:05,Week 5,Sunday,1:00 PM (10 NFL Games),0.0,20,245
Eric Saubert,TE,"TB 38 @ SEA 35, Final",,$10,0.4,0.0,295,2025-10-06 13:37:04,Week 5,Sunday,1:00 PM (10 NFL Games),0.0,10,246
Brandon Allen,QB,"TEN 22 @ ARI 21, Final",,$20,2.8,0.0,304,2025-10-06 13:37:04,Week 5,Sunday,1:00 PM (10 NFL Games),0.0,20,247
Zach Ertz,TE,"WAS 27 @ LAC 10, Final",TGT,$16,7.2,0.0,318,2025-10-06 13:37:05,Week 5,Sunday,1:00 PM (10 NFL Games),0.0,16,248
Jacoby Brissett,QB,"TEN 22 @ ARI 21, Final",,$20,0.1,0.0,309,2025-10-06 13:37:05,Week 5,Sunday,1:00 PM (10 NFL Games),0.0,20,249
Nick Kallerup,TE,"TB 38 @ SEA 35, Final",,$10,—,0.0,301,2025-10-06 13:37:04,Week 5,Sunday,1:00 PM (10 NFL Games),0.0,10,250
Kalel MullingsIR,RB,"TEN 22 @ ARI 21, Final",,$10,—,0.0,308,2025-10-06 13:37:05,Week 5,Sunday,1:00 PM (10 NFL Games),0.0,10,251
David Martin-Robinson,TE,"TEN 22 @ ARI 21, Final",,$10,—,0.0,307,2025-10-06 13:37:05,Week 5,Sunday,1:00 PM (10 NFL Games),0.0,10,252
Bryce OliverO,WR,"TEN 22 @ ARI 21, Final",,$10,0.7,0.0,306,2025-10-06 13:37:05,Week 5,Sunday,1:00 PM (10 NFL Games),0.0,10,253
Van Jefferson,WR,"TEN 22 @ ARI 21, Final",,$10,1.5,0.0,305,2025-10-06 13:37:05,Week 5,Sunday,1:00 PM (10 NFL Games),0.0,10,254
Cody White,WR,"TB 38 @ SEA 35, Final",,$10,—,0.0,303,2025-10-06 13:37:04,Week 5,Sunday,1:00 PM (10 NFL Games),0.0,10,255
Kalif RaymondQ,WR,"DET 37 @ CIN 24, Final",,$10,2.9,0.0,331,2025-10-06 13:37:05,Week 5,Sunday,1:00 PM (10 NFL Games),0.0,10,256
Tampa Bay Buccaneers,DEF,"TB 38 @ SEA 35, Final","35 PTS ALLOWED,INT,FUM REC",$12,4.6,0.0,302,2025-10-06 13:37:04,Week 5,Sunday,1:00 PM (10 NFL Games),0.0,12,257
Marcus Mariota,QB,"WAS 27 @ LAC 10, Final",,$20,12.5,0.0,319,2025-10-06 13:37:05,Week 5,Sunday,1:00 PM (10 NFL Games),0.0,20,258
Jarrett Stidham,QB,"DEN 21 @ PHI 17, Final",,$20,0.2,0.0,215,2025-10-06 13:37:02,Week 5,Sunday,1:00 PM (10 NFL Games),0.0,20,259
Josh Johnson,QB,"WAS 27 @ LAC 10, Final",,$20,0.2,0.0,317,2025-10-06 13:37:05,Week 5,Sunday,1:00 PM (10 NFL Games),0.0,20,260
Jordan Mims,RB,"TEN 22 @ ARI 21, Final",,$10,—,0.0,316,2025-10-06 13:37:05,Week 5,Sunday,1:00 PM (10 NFL Games),0.0,10,261
Chris Manhertz,TE,"NYG 14 @ NO 26, Final",,$10,0.6,0.0,241,2025-10-06 13:37:03,Week 5,Sunday,1:00 PM (10 NFL Games),0.0,10,262
Russell Wilson,QB,"NYG 14 @ NO 26, Final",,$20,12.5,0.0,240,2025-10-06 13:37:03,Week 5,Sunday,1:00 PM (10 NFL Games),0.0,20,263
Jakob JohnsonIR,RB,"HOU 44 @ BAL 10, Final",,$10,—,0.0,239,2025-10-06 13:37:03,Week 5,Sunday,1:00 PM (10 NFL Games),0.0,10,264
LaJohntay Wester,WR,"HOU 44 @ BAL 10, Final",,$10,—,0.0,238,2025-10-06 13:37:03,Week 5,Sunday,1:00 PM (10 NFL Games),0.0,10,265
Rasheen Ali,RB,"HOU 44 @ BAL 10, Final",,$10,0.1,0.0,237,2025-10-06 13:37:03,Week 5,Sunday,1:00 PM (10 NFL Games),0.0,10,266
Devontez Walker,WR,"HOU 44 @ BAL 10, Final",,$10,6.5,0.0,236,2025-10-06 13:37:03,Week 5,Sunday,1:00 PM (10 NFL Games),0.0,10,267
Rashod Bateman,WR,"HOU 44 @ BAL 10, Final",3 TGT,$17,4.4,0.0,234,2025-10-06 13:37:03,Week 5,Sunday,1:00 PM (10 NFL Games),0.0,17,268
Tank Bigsby,RB,"DEN 21 @ PHI 17, Final",,$10,0.3,0.0,224,2025-10-06 13:37:03,Week 5,Sunday,1:00 PM (10 NFL Games),0.0,10,269
Lamar JacksonO,QB,"HOU 44 @ BAL 10, Final",,$43,23.6,0.0,233,2025-10-06 13:37:03,Week 5,Sunday,1:00 PM (10 NFL Games),0.0,43,270
Patrick RicardO,RB,"HOU 44 @ BAL 10, Final",,$10,2.2,0.0,232,2025-10-06 13:37:03,Week 5,Sunday,1:00 PM (10 NFL Games),0.0,10,271
Graham Mertz,QB,"HOU 44 @ BAL 10, Final",,$20,—,0.0,231,2025-10-06 13:37:03,Week 5,Sunday,1:00 PM (10 NFL Games),0.0,20,272
Tank DellPUP,WR,"HOU 44 @ BAL 10, Final",,$11,8.2,0.0,230,2025-10-06 13:37:03,Week 5,Sunday,1:00 PM (10 NFL Games),0.0,11,273
Braxton Berrios,WR,"HOU 44 @ BAL 10, Final",,$10,—,0.0,229,2025-10-06 13:37:03,Week 5,Sunday,1:00 PM (10 NFL Games),0.0,10,274
Dare Ogunbowale,RB,"HOU 44 @ BAL 10, Final",,$10,0.4,0.0,228,2025-10-06 13:37:03,Week 5,Sunday,1:00 PM (10 NFL Games),0.0,10,275
Cameron Latu,TE,"DEN 21 @ PHI 17, Final",,$10,—,0.0,227,2025-10-06 13:37:03,Week 5,Sunday,1:00 PM (10 NFL Games),0.0,10,276
Xavier Gipson,WR,"DEN 21 @ PHI 17, Final",,$10,—,0.0,226,2025-10-06 13:37:03,Week 5,Sunday,1:00 PM (10 NFL Games),0.0,10,277
Tanner McKee,QB,"DEN 21 @ PHI 17, Final",,$20,14.4,0.0,225,2025-10-06 13:37:03,Week 5,Sunday,1:00 PM (10 NFL Games),0.0,20,278
Jameis Winston,QB,"NYG 14 @ NO 26, Final",,$20,13.0,0.0,242,2025-10-06 13:37:03,Week 5,Sunday,1:00 PM (10 NFL Games),0.0,20,279
Gunner Olszewski,WR,"NYG 14 @ NO 26, Final",,$10,—,0.0,243,2025-10-06 13:37:03,Week 5,Sunday,1:00 PM (10 NFL Games),0.0,10,280
Jalin Hyatt,WR,"NYG 14 @ NO 26, Final",3 TGT,$10,—,0.0,244,2025-10-06 13:37:03,Week 5,Sunday,1:00 PM (10 NFL Games),0.0,10,281
Lucas KrullIR,TE,"DEN 21 @ PHI 17, Final",,$10,0.8,0.0,217,2025-10-06 13:37:02,Week 5,Sunday,1:00 PM (10 NFL Games),0.0,10,282
Thomas Fidone II,TE,"NYG 14 @ NO 26, Final",,$10,—,0.0,248,2025-10-06 13:37:03,Week 5,Sunday,1:00 PM (10 NFL Games),0.0,10,283
Jackson Hawes,TE,"NE 23 @ BUF 20, Final",,$10,3.4,0.0,32,2025-10-06 13:37:51,Week 5,Sunday,8:20 PM (1 NFL Game),0.0,10,284
Malik NabersIR,WR,"NYG 14 @ NO 26, Final",,$10,12.0,0.0,246,2025-10-06 13:37:03,Week 5,Sunday,1:00 PM (10 NFL Games),0.0,10,285
Eric GrayPUP,RB,"NYG 14 @ NO 26, Final",,$10,0.9,0.0,245,2025-10-06 13:37:03,Week 5,Sunday,1:00 PM (10 NFL Games),0.0,10,286
Isaiah Williams,WR,"DAL 37 @ NYJ 22, Final",,$10,—,0.0,213,2025-10-06 13:36:39,Week 5,Sunday,9:30 AM (1 NFL Game),0.0,10,287
Pat Bryant,WR,"DEN 21 @ PHI 17, Final",,$10,1.4,0.0,220,2025-10-06 13:37:02,Week 5,Sunday,1:00 PM (10 NFL Games),0.0,10,288
Jaleel McLaughlin,RB,"DEN 21 @ PHI 17, Final",,$10,5.0,0.0,218,2025-10-06 13:37:02,Week 5,Sunday,1:00 PM (10 NFL Games),0.0,10,289
Sam Ehlinger,QB,"DEN 21 @ PHI 17, Final",,$20,—,0.0,216,2025-10-06 13:37:02,Week 5,Sunday,1:00 PM (10 NFL Games),0.0,20,290
Tylan Wallace,WR,"HOU 44 @ BAL 10, Final",,$10,2.9,0.0,235,2025-10-06 13:37:03,Week 5,Sunday,1:00 PM (10 NFL Games),0.0,10,291
Miles SandersO,RB,"DAL 37 @ NYJ 22, Final",,$12,5.7,0.0,200,2025-10-06 13:36:39,Week 5,Sunday,9:30 AM (1 NFL Game),0.0,12,292
Jalen Cropper,WR,"DAL 37 @ NYJ 22, Final",,$10,—,0.0,214,2025-10-06 13:37:02,Week 5,Sunday,1:00 PM (10 NFL Games),0.0,10,293
Braelon AllenIR,RB,"DAL 37 @ NYJ 22, Final",,$11,3.6,0.0,212,2025-10-06 13:37:02,Week 5,Sunday,1:00 PM (10 NFL Games),0.0,11,294
Stone Smartt,TE,"DAL 37 @ NYJ 22, Final",,$10,3.0,0.0,211,2025-10-06 13:37:02,Week 5,Sunday,1:00 PM (10 NFL Games),0.0,10,295
Kylen Granson,TE,"DEN 21 @ PHI 17, Final",,$10,0.3,0.0,221,2025-10-06 13:37:02,Week 5,Sunday,1:00 PM (10 NFL Games),0.0,10,296
John Metchie III,WR,"DEN 21 @ PHI 17, Final",,$10,1.0,0.0,222,2025-10-06 13:37:02,Week 5,Sunday,1:00 PM (10 NFL Games),0.0,10,297
Sam Howell,QB,"DEN 21 @ PHI 17, Final",,$20,0.2,0.0,223,2025-10-06 13:37:02,Week 5,Sunday,1:00 PM (10 NFL Games),0.0,20,298
CeeDee LambO,WR,"DAL 37 @ NYJ 22, Final",,$14,10.1,0.0,201,2025-10-06 13:36:39,Week 5,Sunday,9:30 AM (1 NFL Game),0.0,14,299
Elijah Moore,WR,"NE 23 @ BUF 20, Final",,$10,4.2,0.0,30,2025-10-06 13:37:51,Week 5,Sunday,8:20 PM (1 NFL Game),0.0,10,300
Austin Hooper,TE,"NE 23 @ BUF 20, Final",,$10,3.4,0.0,21,2025-10-06 13:37:51,Week 5,Sunday,8:20 PM (1 NFL Game),0.0,10,301
Tahj Washington,WR,"MIA 24 @ CAR 27, Final",,$10,—,0.0,279,2025-10-06 13:37:04,Week 5,Sunday,1:00 PM (10 NFL Games),0.0,10,302
Jack Stoll,TE,"NYG 14 @ NO 26, Final",,$10,3.4,0.0,250,2025-10-06 13:37:03,Week 5,Sunday,1:00 PM (10 NFL Games),0.0,10,303
Foster Moreau,TE,"NYG 14 @ NO 26, Final",,$10,5.5,0.0,249,2025-10-06 13:37:03,Week 5,Sunday,1:00 PM (10 NFL Games),0.0,10,304
Adonai Mitchell,WR,"LV 6 @ IND 40, Final",TGT,$10,3.0,0.0,269,2025-10-06 13:37:04,Week 5,Sunday,1:00 PM (10 NFL Games),0.0,10,305
Riley Leonard,QB,"LV 6 @ IND 40, Final",,$20,—,0.0,271,2025-10-06 13:37:04,Week 5,Sunday,1:00 PM (10 NFL Games),0.0,20,306
Devin Culp,TE,"TB 38 @ SEA 35, Final",,$10,5.7,0.0,292,2025-10-06 13:37:04,Week 5,Sunday,1:00 PM (10 NFL Games),0.0,10,307
Carter Runyon,TE,"LV 6 @ IND 40, Final",,$10,—,0.0,272,2025-10-06 13:37:04,Week 5,Sunday,1:00 PM (10 NFL Games),0.0,10,308
Bucky IrvingO,RB,"TB 38 @ SEA 35, Final",,$37,15.6,0.0,291,2025-10-06 13:37:04,Week 5,Sunday,1:00 PM (10 NFL Games),0.0,37,309
Ryan Miller,WR,"TB 38 @ SEA 35, Final",,$10,2.8,0.0,290,2025-10-06 13:37:04,Week 5,Sunday,1:00 PM (10 NFL Games),0.0,10,310
Payne Durham,TE,"TB 38 @ SEA 35, Final",,$10,—,0.0,289,2025-10-06 13:37:04,Week 5,Sunday,1:00 PM (10 NFL Games),0.0,10,311
Teddy Bridgewater,QB,"TB 38 @ SEA 35, Final",,$20,0.1,0.0,288,2025-10-06 13:37:04,Week 5,Sunday,1:00 PM (10 NFL Games),0.0,20,312
Mike EvansO,WR,"TB 38 @ SEA 35, Final",,$28,9.0,0.0,287,2025-10-06 13:37:04,Week 5,Sunday,1:00 PM (10 NFL Games),0.0,28,313
Dalevon CampbellIR,WR,"MIA 24 @ CAR 27, Final",,$10,—,0.0,286,2025-10-06 13:37:04,Week 5,Sunday,1:00 PM (10 NFL Games),0.0,10,314
Ja'Tavion SandersO,TE,"MIA 24 @ CAR 27, Final",,$10,4.9,0.0,285,2025-10-06 13:37:04,Week 5,Sunday,1:00 PM (10 NFL Games),0.0,10,315
Jonathon BrooksPUP,RB,"MIA 24 @ CAR 27, Final",,$10,2.0,0.0,284,2025-10-06 13:37:04,Week 5,Sunday,1:00 PM (10 NFL Games),0.0,10,316
Chuba HubbardO,RB,"MIA 24 @ CAR 27, Final",,$29,12.4,0.0,283,2025-10-06 13:37:04,Week 5,Sunday,1:00 PM (10 NFL Games),0.0,29,317
David MooreIR,WR,"MIA 24 @ CAR 27, Final",,$10,0.7,0.0,282,2025-10-06 13:37:04,Week 5,Sunday,1:00 PM (10 NFL Games),0.0,10,318
Mack Hollins,WR,"NE 23 @ BUF 20, Final",,$10,4.9,0.0,22,2025-10-06 13:37:51,Week 5,Sunday,8:20 PM (1 NFL Game),0.0,10,319
Velus Jones Jr.,RB,"NYG 14 @ NO 26, Final",,$10,—,0.0,251,2025-10-06 13:37:03,Week 5,Sunday,1:00 PM (10 NFL Games),0.0,10,320
Trey PalmerIR,WR,"NYG 14 @ NO 26, Final",,$10,1.9,0.0,252,2025-10-06 13:37:03,Week 5,Sunday,1:00 PM (10 NFL Games),0.0,10,321
Mason Tipton,WR,"NYG 14 @ NO 26, Final",,$10,1.9,0.0,253,2025-10-06 13:37:03,Week 5,Sunday,1:00 PM (10 NFL Games),0.0,10,322
Dont'e Thornton Jr.,WR,"LV 6 @ IND 40, Final",2 TGT,$10,2.4,0.0,263,2025-10-06 13:37:03,Week 5,Sunday,1:00 PM (10 NFL Games),0.0,10,323
Nate Adkins,TE,"DEN 21 @ PHI 17, Final",TGT,$10,0.5,0.0,219,2025-10-06 13:37:02,Week 5,Sunday,1:00 PM (10 NFL Games),0.0,10,324
Kameron Johnson,WR,"TB 38 @ SEA 35, Final",,$10,—,0.0,293,2025-10-06 13:37:04,Week 5,Sunday,1:00 PM (10 NFL Games),0.0,10,325
Anthony Gould,WR,"LV 6 @ IND 40, Final",,$10,—,0.0,270,2025-10-06 13:37:04,Week 5,Sunday,1:00 PM (10 NFL Games),0.0,10,326
Tyler GoodsonO,RB,"LV 6 @ IND 40, Final",,$10,0.6,0.0,267,2025-10-06 13:37:04,Week 5,Sunday,1:00 PM (10 NFL Games),0.0,10,327
Drew Ogletree,TE,"LV 6 @ IND 40, Final",,$10,—,0.0,266,2025-10-06 13:37:04,Week 5,Sunday,1:00 PM (10 NFL Games),0.0,10,328
Alec PierceO,WR,"LV 6 @ IND 40, Final",,$18,7.2,0.0,265,2025-10-06 13:37:04,Week 5,Sunday,1:00 PM (10 NFL Games),0.0,18,329
Mo Alie-Cox,TE,"LV 6 @ IND 40, Final",,$10,1.9,0.0,264,2025-10-06 13:37:04,Week 5,Sunday,1:00 PM (10 NFL Games),0.0,10,330
Dylan Laube,RB,"LV 6 @ IND 40, Final",,$10,0.6,0.0,262,2025-10-06 13:37:03,Week 5,Sunday,1:00 PM (10 NFL Games),0.0,10,331
Tyler Shough,QB,"NYG 14 @ NO 26, Final",,$20,—,0.0,254,2025-10-06 13:37:03,Week 5,Sunday,1:00 PM (10 NFL Games),0.0,20,332
Brock BowersO,TE,"LV 6 @ IND 40, Final",,$23,8.5,0.0,261,2025-10-06 13:37:03,Week 5,Sunday,1:00 PM (10 NFL Games),0.0,23,333
Justin Shorter,WR,"LV 6 @ IND 40, Final",,$10,—,0.0,260,2025-10-06 13:37:03,Week 5,Sunday,1:00 PM (10 NFL Games),0.0,10,334
Michael MayerO,TE,"LV 6 @ IND 40, Final",,$10,2.6,0.0,259,2025-10-06 13:37:03,Week 5,Sunday,1:00 PM (10 NFL Games),0.0,10,335
Zamir White,RB,"LV 6 @ IND 40, Final",,$10,2.0,0.0,258,2025-10-06 13:37:03,Week 5,Sunday,1:00 PM (10 NFL Games),0.0,10,336
Kenny Pickett,QB,"LV 6 @ IND 40, Final",,$20,3.6,0.0,257,2025-10-06 13:37:03,Week 5,Sunday,1:00 PM (10 NFL Games),0.0,20,337
Moliki Matavao,TE,"NYG 14 @ NO 26, Final",,$10,—,0.0,256,2025-10-06 13:37:03,Week 5,Sunday,1:00 PM (10 NFL Games),0.0,10,338
Devin Neal,RB,"NYG 14 @ NO 26, Final",,$10,0.9,0.0,255,2025-10-06 13:37:03,Week 5,Sunday,1:00 PM (10 NFL Games),0.0,10,339
Quinn Ewers,QB,"MIA 24 @ CAR 27, Final",,$20,—,0.0,280,2025-10-06 13:37:04,Week 5,Sunday,1:00 PM (10 NFL Games),0.0,20,340
Andy Dalton,QB,"MIA 24 @ CAR 27, Final",,$20,3.1,0.0,281,2025-10-06 13:37:04,Week 5,Sunday,1:00 PM (10 NFL Games),0.0,20,341
Jaylen Wright,RB,"MIA 24 @ CAR 27, Final",,$10,1.9,0.0,278,2025-10-06 13:37:04,Week 5,Sunday,1:00 PM (10 NFL Games),0.0,10,342
Joe Milton III,QB,"DAL 37 @ NYJ 22, Final",,$20,0.6,0.0,204,2025-10-06 13:36:39,Week 5,Sunday,9:30 AM (1 NFL Game),0.0,20,343
Dee Eskridge,WR,"MIA 24 @ CAR 27, Final",,$10,0.7,0.0,277,2025-10-06 13:37:04,Week 5,Sunday,1:00 PM (10 NFL Games),0.0,10,344
Tanner Hudson,TE,"DET 37 @ CIN 24, Final",,$10,3.2,0.0,337,2025-10-06 13:37:05,Week 5,Sunday,1:00 PM (10 NFL Games),0.0,10,345
Dominic Lovett,WR,"DET 37 @ CIN 24, Final",,$10,—,0.0,336,2025-10-06 13:37:05,Week 5,Sunday,1:00 PM (10 NFL Games),0.0,10,346
Sione VakiO,RB,"DET 37 @ CIN 24, Final",,$10,—,0.0,335,2025-10-06 13:37:05,Week 5,Sunday,1:00 PM (10 NFL Games),0.0,10,347
Tyler Johnson,WR,"DAL 37 @ NYJ 22, Final",,$10,2.8,0.0,207,2025-10-06 13:36:39,Week 5,Sunday,9:30 AM (1 NFL Game),0.0,10,348
Tyrod Taylor,QB,"DAL 37 @ NYJ 22, Final",,$20,13.0,0.0,206,2025-10-06 13:36:39,Week 5,Sunday,9:30 AM (1 NFL Game),0.0,20,349
Brevyn Spann-Ford,TE,"DAL 37 @ NYJ 22, Final",,$10,0.2,0.0,205,2025-10-06 13:36:39,Week 5,Sunday,9:30 AM (1 NFL Game),0.0,10,350
Tyrell Shavers,WR,"NE 23 @ BUF 20, Final",TGT,$10,1.1,0.0,31,2025-10-06 13:37:51,Week 5,Sunday,8:20 PM (1 NFL Game),0.0,10,351
Charlie Jones,WR,"DET 37 @ CIN 24, Final",,$10,—,0.0,340,2025-10-06 13:37:05,Week 5,Sunday,1:00 PM (10 NFL Games),0.0,10,352
Reggie Gilliam,RB,"NE 23 @ BUF 20, Final",,$10,—,0.0,29,2025-10-06 13:37:51,Week 5,Sunday,8:20 PM (1 NFL Game),0.0,10,353
Mitchell Trubisky,QB,"NE 23 @ BUF 20, Final",,$20,1.0,0.0,28,2025-10-06 13:37:51,Week 5,Sunday,8:20 PM (1 NFL Game),0.0,20,354
Efton Chism III,WR,"NE 23 @ BUF 20, Final",,$10,—,0.0,27,2025-10-06 13:37:51,Week 5,Sunday,8:20 PM (1 NFL Game),0.0,10,355
Kyle Williams,WR,"NE 23 @ BUF 20, Final",,$10,0.9,0.0,26,2025-10-06 13:37:51,Week 5,Sunday,8:20 PM (1 NFL Game),0.0,10,356
Jack Westover,RB,"NE 23 @ BUF 20, Final",,$10,—,0.0,25,2025-10-06 13:37:51,Week 5,Sunday,8:20 PM (1 NFL Game),0.0,10,357
Tommy DeVito,QB,"NE 23 @ BUF 20, Final",,$20,6.7,0.0,24,2025-10-06 13:37:51,Week 5,Sunday,8:20 PM (1 NFL Game),0.0,20,358
Joshua Dobbs,QB,"NE 23 @ BUF 20, Final",,$20,-0.2,0.0,23,2025-10-06 13:37:51,Week 5,Sunday,8:20 PM (1 NFL Game),0.0,20,359
Brett Rypien,QB,"DET 37 @ CIN 24, Final",,$20,—,0.0,339,2025-10-06 13:37:05,Week 5,Sunday,1:00 PM (10 NFL Games),0.0,20,360
Noah Fant,TE,"DET 37 @ CIN 24, Final",,$10,6.0,0.0,338,2025-10-06 13:37:05,Week 5,Sunday,1:00 PM (10 NFL Games),0.0,10,361
Mitch Tinsley,WR,"DET 37 @ CIN 24, Final",,$10,3.1,0.0,341,2025-10-06 13:37:05,Week 5,Sunday,1:00 PM (10 NFL Games),0.0,10,362
Erick All Jr.PUP,TE,"DET 37 @ CIN 24, Final",,$10,3.2,0.0,343,2025-10-06 13:37:05,Week 5,Sunday,1:00 PM (10 NFL Games),0.0,10,363
Zach Wilson,QB,"MIA 24 @ CAR 27, Final",,$20,1.6,0.0,276,2025-10-06 13:37:04,Week 5,Sunday,1:00 PM (10 NFL Games),0.0,20,364
Nick Westbrook-Ikhine,WR,"MIA 24 @ CAR 27, Final",,$10,1.2,0.0,275,2025-10-06 13:37:04,Week 5,Sunday,1:00 PM (10 NFL Games),0.0,10,365
Alec Ingold,RB,"MIA 24 @ CAR 27, Final",TGT,$10,1.0,0.0,274,2025-10-06 13:37:04,Week 5,Sunday,1:00 PM (10 NFL Games),0.0,10,366
Tyreek HillIR,WR,"MIA 24 @ CAR 27, Final",,$26,10.8,0.0,273,2025-10-06 13:37:04,Week 5,Sunday,1:00 PM (10 NFL Games),0.0,26,367
Will Mallory,TE,"LV 6 @ IND 40, Final",,$10,0.7,0.0,268,2025-10-06 13:37:04,Week 5,Sunday,1:00 PM (10 NFL Games),0.0,10,368
Craig Reynolds,RB,"DET 37 @ CIN 24, Final",,$10,0.1,0.0,333,2025-10-06 13:37:05,Week 5,Sunday,1:00 PM (10 NFL Games),0.0,10,369
Josh Williams,RB,"TB 38 @ SEA 35, Final",,$10,—,0.0,294,2025-10-06 13:37:04,Week 5,Sunday,1:00 PM (10 NFL Games),0.0,10,370
Travis Vokolek,TE,"TEN 22 @ ARI 21, Final",,$10,—,0.0,311,2025-10-06 13:37:05,Week 5,Sunday,1:00 PM (10 NFL Games),0.0,10,371
Kene NwangwuO,RB,"DAL 37 @ NYJ 22, Final",,$10,—,0.0,208,2025-10-06 13:36:39,Week 5,Sunday,9:30 AM (1 NFL Game),0.0,10,372
Jelani Woods,TE,"DAL 37 @ NYJ 22, Final",,$10,—,0.0,209,2025-10-06 13:36:39,Week 5,Sunday,9:30 AM (1 NFL Game),0.0,10,373
Irvin CharlesPUP,WR,"DAL 37 @ NYJ 22, Final",,$10,—,0.0,210,2025-10-06 13:36:39,Week 5,Sunday,9:30 AM (1 NFL Game),0.0,10,374
Jackson Meeks,WR,"DET 37 @ CIN 24, Final",,$10,—,0.0,347,2025-10-06 13:37:06,Week 5,Sunday,1:00 PM (10 NFL Games),0.0,10,375
Ross Dwelley,TE,"DET 37 @ CIN 24, Final",,$10,0.5,0.0,346,2025-10-06 13:37:06,Week 5,Sunday,1:00 PM (10 NFL Games),0.0,10,376
Tahj Brooks,RB,"DET 37 @ CIN 24, Final",,$10,0.6,0.0,345,2025-10-06 13:37:05,Week 5,Sunday,1:00 PM (10 NFL Games),0.0,10,377
Cam Grandy,TE,"DET 37 @ CIN 24, Final",,$10,1.1,0.0,344,2025-10-06 13:37:05,Week 5,Sunday,1:00 PM (10 NFL Games),0.0,10,378
Jermaine Burton,WR,"DET 37 @ CIN 24, Final",,$10,1.6,0.0,342,2025-10-06 13:37:05,Week 5,Sunday,1:00 PM (10 NFL Games),0.0,10,379
Ollie Gordon II,RB,"MIA 24 @ CAR 27, Final","3 RUSH ATT,-2 RUSH YD",$11,2.6,-0.2,348,2025-10-06 13:36:43,Week 5,Sunday,9:30 AM (1 NFL Game),-0.2,11,380
Jalen Milroe,QB,"TB 38 @ SEA 35, Final","RUSH ATT,FUM LOST",$20,-0.5,-2.0,350,2025-10-06 13:36:43,Week 5,Sunday,9:30 AM (1 NFL Game),-2.0,20,381
Baltimore Ravens,DEF,"HOU 44 @ BAL 10, Final","44 PTS ALLOWED,2 SACK",$12,0.6,-2.0,349,2025-10-06 13:36:43,Week 5,Sunday,9:30 AM (1 NFL Game),-2.0,12,382
New York Jets,DEF,"DAL 37 @ NYJ 22, Final","37 PTS ALLOWED,SACK",$10,1.8,-3.0,351,2025-10-06 13:37:06,Week 5,Sunday,1:00 PM (10 NFL Games),-3.0,10,383
Seattle Seahawks,DEF,"TB 38 @ SEA 35, Final","38 PTS ALLOWED,SACK",$18,9.2,-3.0,352,2025-10-06 13:36:43,Week 5,Sunday,9:30 AM (1 NFL Game),-3.0,18,384
Las Vegas Raiders,DEF,"LV 6 @ IND 40, Final",40 PTS ALLOWED,$10,2.6,-4.0,353,2025-10-06 13:37:06,Week 5,Sunday,1:00 PM (10 NFL Games),-4.0,10,385
