player_name,position,game_info,stats,salary,fppg,points,row_number,scrape_date,week,day,points_clean,salary_clean,game_time,rank
Rico Dowdle,RB,"MIA 24 @ CAR 27, Final","23 RUSH ATT,206 RUSH YD,RUSH TD,4 TGT,3 REC,28 REC YD",$14,9.9,30.9,1,2025-10-06 13:36:33,Week 5,Sunday,30.9,14,9:30 AM (1 NFL Game),1
Jonathan Taylor,RB,"LV 6 @ IND 40, Final","17 RUSH ATT,66 RUSH YD,3 RUSH TD,4 TGT,3 REC,20 REC YD,2PT",$44,22.7,30.1,2,2025-10-06 13:36:33,Week 5,Sunday,30.1,44,9:30 AM (1 NFL Game),2
C.J. Stroud,QB,"HOU 44 @ BAL 10, Final","244 PASS YD,4 PASS TD,RUSH ATT,30 RUSH YD",$26,16.8,28.76,3,2025-10-06 13:36:57,Week 5,Sunday,28.76,26,1:00 PM (10 NFL Games),3
Sam Darnold,QB,"TB 38 @ SEA 35, Final","341 PASS YD,4 PASS TD,INT",$31,16.9,28.64,4,2025-10-06 13:36:57,Week 5,Sunday,28.64,31,1:00 PM (10 NFL Games),4
Dak Prescott,QB,"DAL 37 @ NYJ 22, Final","237 PASS YD,4 PASS TD,7 RUSH ATT,28 RUSH YD",$36,20.8,28.28,5,2025-10-06 13:36:57,Week 5,Sunday,28.28,36,1:00 PM (10 NFL Games),5
Emeka Egbuka,WR,"TB 38 @ SEA 35, Final","7 TGT,7 REC,163 REC YD,REC TD,2PT",$34,18.0,27.8,6,2025-10-06 13:36:57,Week 5,Sunday,27.8,34,1:00 PM (10 NFL Games),6
Baker Mayfield,QB,"TB 38 @ SEA 35, Final","379 PASS YD,2 PASS TD,5 RUSH ATT,15 RUSH YD,2PT",$38,21.3,26.66,7,2025-10-06 13:36:57,Week 5,Sunday,26.66,38,1:00 PM (10 NFL Games),7
Javonte Williams,RB,"DAL 37 @ NYJ 22, Final","16 RUSH ATT,135 RUSH YD,RUSH TD,2 TGT,REC,4 REC YD,REC TD",$28,19.0,26.4,8,2025-10-06 13:36:34,Week 5,Sunday,26.4,28,9:30 AM (1 NFL Game),8
Jacory Croskey-Merritt,RB,"WAS 27 @ LAC 10, Final","14 RUSH ATT,111 RUSH YD,2 RUSH TD,2 TGT,2 REC,39 REC YD,FUM LOST",$19,11.6,26.0,4,2025-10-06 13:37:35,Week 5,Sunday,26.0,19,4:05 PM (4 NFL Games),9
Ja'Marr Chase,WR,"DET 37 @ CIN 24, Final","10 TGT,6 REC,110 REC YD,2 REC TD",$37,14.1,26.0,5,2025-10-06 13:37:35,Week 5,Sunday,26.0,37,4:05 PM (4 NFL Games),10
Justin Fields,QB,"DAL 37 @ NYJ 22, Final","283 PASS YD,2 PASS TD,7 RUSH ATT,26 RUSH YD,2 2PT",$28,21.6,25.92,6,2025-10-06 13:37:20,Week 5,Sunday,25.92,28,1:00 PM (6 NFL Games),11
Jaxon Smith-Njigba,WR,"TB 38 @ SEA 35, Final","9 TGT,8 REC,132 REC YD,REC TD",$33,16.3,23.2,12,2025-10-06 13:36:57,Week 5,Sunday,23.2,33,1:00 PM (10 NFL Games),12
Tua Tagovailoa,QB,"MIA 24 @ CAR 27, Final","256 PASS YD,3 PASS TD,RUSH ATT,5 RUSH YD",$32,15.8,22.74,7,2025-10-06 13:37:20,Week 5,Sunday,22.74,32,1:00 PM (6 NFL Games),13
Jake Browning,QB,"DET 37 @ CIN 24, Final","251 PASS YD,3 PASS TD,3 INT,4 RUSH ATT,31 RUSH YD",$24,14.0,22.14,14,2025-10-06 13:36:34,Week 5,Sunday,22.14,24,9:30 AM (1 NFL Game),14
Rachaad White,RB,"TB 38 @ SEA 35, Final","14 RUSH ATT,41 RUSH YD,2 RUSH TD,4 TGT,4 REC,30 REC YD",$15,9.1,21.1,15,2025-10-06 13:36:57,Week 5,Sunday,21.1,15,1:00 PM (10 NFL Games),15
AJ Barner,TE,"TB 38 @ SEA 35, Final","7 TGT,7 REC,53 REC YD,2 REC TD",$10,9.0,20.8,9,2025-10-06 13:37:35,Week 5,Sunday,20.8,10,4:05 PM (4 NFL Games),16
Josh Allen,QB,"NE 23 @ BUF 20, Final","253 PASS YD,2 PASS TD,INT,9 RUSH ATT,53 RUSH YD,FUM LOST",$45,24.0,20.42,1,2025-10-06 13:37:50,Week 5,Sunday,20.42,45,8:20 PM (1 NFL Game),17
Jake Ferguson,TE,"DAL 37 @ NYJ 22, Final","9 TGT,7 REC,49 REC YD,2 REC TD",$18,13.1,20.4,8,2025-10-06 13:37:20,Week 5,Sunday,20.4,18,1:00 PM (6 NFL Games),18
Jared Goff,QB,"DET 37 @ CIN 24, Final","258 PASS YD,3 PASS TD,2 RUSH ATT,-2 RUSH YD,FUM LOST",$37,18.5,20.12,18,2025-10-06 13:36:57,Week 5,Sunday,20.12,37,1:00 PM (10 NFL Games),19
Jaylen Waddle,WR,"MIA 24 @ CAR 27, Final","9 TGT,6 REC,110 REC YD,REC TD",$23,11.8,20.0,19,2025-10-06 13:36:57,Week 5,Sunday,20.0,23,1:00 PM (10 NFL Games),20
Stefon Diggs,WR,"NE 23 @ BUF 20, Final","12 TGT,10 REC,146 REC YD",$21,10.1,19.6,2,2025-10-06 13:37:50,Week 5,Sunday,19.6,21,8:20 PM (1 NFL Game),21
Deebo Samuel,WR,"WAS 27 @ LAC 10, Final","11 TGT,8 REC,96 REC YD,REC TD",$27,14.7,19.6,20,2025-10-06 13:36:57,Week 5,Sunday,19.6,27,1:00 PM (10 NFL Games),22
Jalen Hurts,QB,"DEN 21 @ PHI 17, Final","280 PASS YD,2 PASS TD,2 RUSH ATT,3 RUSH YD",$39,20.8,19.5,21,2025-10-06 13:36:34,Week 5,Sunday,19.5,39,9:30 AM (1 NFL Game),23
Rashid Shaheed,WR,"NYG 14 @ NO 26, Final","5 TGT,4 REC,114 REC YD,REC TD",$23,10.5,19.4,11,2025-10-06 13:37:20,Week 5,Sunday,19.4,23,1:00 PM (6 NFL Games),24
Theo Johnson,TE,"NYG 14 @ NO 26, Final","7 TGT,6 REC,33 REC YD,2 REC TD",$11,7.1,18.3,23,2025-10-06 13:36:58,Week 5,Sunday,18.3,11,1:00 PM (10 NFL Games),25
New Orleans Saints,DEF,"NYG 14 @ NO 26, Final","14 PTS ALLOWED,SACK,2 INT,3 FUM REC,TD",$10,6.6,18.0,24,2025-10-06 13:36:58,Week 5,Sunday,18.0,10,1:00 PM (10 NFL Games),26
Bo Nix,QB,"DEN 21 @ PHI 17, Final","242 PASS YD,PASS TD,3 RUSH ATT,22 RUSH YD,2PT",$31,17.6,17.88,25,2025-10-06 13:36:34,Week 5,Sunday,17.88,31,9:30 AM (1 NFL Game),27
David Montgomery,RB,"DET 37 @ CIN 24, Final","3 PASS YD,PASS TD,18 RUSH ATT,65 RUSH YD,RUSH TD,TGT,REC,6 REC YD",$25,13.3,17.72,26,2025-10-06 13:36:58,Week 5,Sunday,17.72,25,1:00 PM (10 NFL Games),28
Sam LaPorta,TE,"DET 37 @ CIN 24, Final","6 TGT,5 REC,92 REC YD,REC TD",$19,8.7,17.7,27,2025-10-06 13:36:34,Week 5,Sunday,17.7,19,9:30 AM (1 NFL Game),29
Jaxson Dart,QB,"NYG 14 @ NO 26, Final","202 PASS YD,2 PASS TD,2 INT,7 RUSH ATT,55 RUSH YD,FUM LOST",$21,9.4,17.58,15,2025-10-06 13:37:20,Week 5,Sunday,17.58,21,1:00 PM (6 NFL Games),30
Jayden Daniels,QB,"WAS 27 @ LAC 10, Final","231 PASS YD,PASS TD,8 RUSH ATT,39 RUSH YD",$38,19.0,17.14,29,2025-10-06 13:36:34,Week 5,Sunday,17.14,38,9:30 AM (1 NFL Game),31
Indianapolis Colts,DEF,"LV 6 @ IND 40, Final","6 PTS ALLOWED,4 SACK,2 INT,BLK KICK",$15,10.2,17.0,16,2025-10-06 13:37:20,Week 5,Sunday,17.0,15,1:00 PM (6 NFL Games),32
Daniel Jones,QB,"LV 6 @ IND 40, Final","212 PASS YD,2 PASS TD,RUSH ATT,2 RUSH YD",$36,19.4,16.68,31,2025-10-06 13:36:58,Week 5,Sunday,16.68,36,1:00 PM (10 NFL Games),33
Darren Waller,TE,"MIA 24 @ CAR 27, Final","5 TGT,5 REC,78 REC YD,REC TD",$12,16.3,16.3,33,2025-10-06 13:36:58,Week 5,Sunday,16.3,12,1:00 PM (10 NFL Games),34
Saquon Barkley,RB,"DEN 21 @ PHI 17, Final","6 RUSH ATT,30 RUSH YD,3 TGT,3 REC,58 REC YD,REC TD",$35,14.4,16.3,18,2025-10-06 13:37:20,Week 5,Sunday,16.3,35,1:00 PM (6 NFL Games),35
Garrett Wilson,WR,"DAL 37 @ NYJ 22, Final","10 TGT,6 REC,71 REC YD,REC TD",$28,15.7,16.1,20,2025-10-06 13:37:20,Week 5,Sunday,16.1,28,1:00 PM (6 NFL Games),36
Dillon Gabriel,QB,"MIN 21 @ CLE 17, Final","190 PASS YD,2 PASS TD,2 RUSH ATT,5 RUSH YD",$20,7.0,16.1,1,2025-10-06 13:01:50,Week 5,Sunday,16.1,20,Early Sunday Game,37
Justin Jefferson,WR,"MIN 21 @ CLE 17, Final","11 TGT,7 REC,123 REC YD",$31,13.2,15.8,2,2025-10-06 13:01:50,Week 5,Sunday,15.8,31,Early Sunday Game,38
Michael Carter,RB,"TEN 22 @ ARI 21, Final","18 RUSH ATT,51 RUSH YD,RUSH TD,5 TGT,5 REC,22 REC YD",$21,8.0,15.8,15,2025-10-06 13:37:35,Week 5,Sunday,15.8,21,4:05 PM (4 NFL Games),39
Jahmyr Gibbs,RB,"DET 37 @ CIN 24, Final","12 RUSH ATT,54 RUSH YD,2 TGT,2 REC,33 REC YD,REC TD",$42,16.9,15.7,36,2025-10-06 13:36:34,Week 5,Sunday,15.7,42,9:30 AM (1 NFL Game),40
David Njoku,TE,"MIN 21 @ CLE 17, Final","9 TGT,6 REC,67 REC YD,REC TD",$16,7.1,15.7,3,2025-10-06 13:01:50,Week 5,Sunday,15.7,16,Early Sunday Game,41
Justin Herbert,QB,"WAS 27 @ LAC 10, Final","166 PASS YD,PASS TD,INT,4 RUSH ATT,60 RUSH YD",$37,18.5,15.64,17,2025-10-06 13:37:35,Week 5,Sunday,15.64,37,4:05 PM (4 NFL Games),42
Calvin Ridley,WR,"TEN 22 @ ARI 21, Final","10 TGT,5 REC,131 REC YD",$20,6.9,15.6,39,2025-10-06 13:36:58,Week 5,Sunday,15.6,20,1:00 PM (10 NFL Games),43
Spencer Rattler,QB,"NYG 14 @ NO 26, Final","225 PASS YD,PASS TD,6 RUSH ATT,21 RUSH YD,TGT,REC",$30,15.1,15.6,21,2025-10-06 13:37:20,Week 5,Sunday,15.6,30,1:00 PM (6 NFL Games),44
Breece Hall,RB,"DAL 37 @ NYJ 22, Final","14 RUSH ATT,113 RUSH YD,5 TGT,4 REC,42 REC YD,FUM LOST",$28,11.3,15.5,40,2025-10-06 13:36:58,Week 5,Sunday,15.5,28,1:00 PM (10 NFL Games),45
Ryan Flournoy,WR,"DAL 37 @ NYJ 22, Final","2 RUSH ATT,10 RUSH YD,9 TGT,6 REC,114 REC YD",$10,5.5,15.4,41,2025-10-06 13:36:34,Week 5,Sunday,15.4,10,9:30 AM (1 NFL Game),46
DeVonta Smith,WR,"DEN 21 @ PHI 17, Final","10 TGT,8 REC,114 REC YD",$22,9.1,15.4,42,2025-10-06 13:36:34,Week 5,Sunday,15.4,22,9:30 AM (1 NFL Game),47
Xavier Hutchinson,WR,"HOU 44 @ BAL 10, Final","3 TGT,3 REC,18 REC YD,2 REC TD",$10,5.9,15.3,25,2025-10-06 13:37:21,Week 5,Sunday,15.3,10,1:00 PM (6 NFL Games),48
Kyler Murray,QB,"TEN 22 @ ARI 21, Final","220 PASS YD,4 RUSH ATT,25 RUSH YD,RUSH TD,FUM LOST",$35,16.2,15.3,19,2025-10-06 13:37:35,Week 5,Sunday,15.3,35,4:05 PM (4 NFL Games),49
J.K. Dobbins,RB,"DEN 21 @ PHI 17, Final","20 RUSH ATT,79 RUSH YD,RUSH TD,TGT,REC,5 REC YD",$24,13.9,14.9,26,2025-10-06 13:37:21,Week 5,Sunday,14.9,24,1:00 PM (6 NFL Games),50
Carson Wentz,QB,"MIN 21 @ CLE 17, Final","236 PASS YD,PASS TD,3 RUSH ATT,13 RUSH YD",$22,17.8,14.74,4,2025-10-06 13:01:50,Week 5,Sunday,14.74,22,Early Sunday Game,51
Nico Collins,WR,"HOU 44 @ BAL 10, Final","RUSH ATT,8 RUSH YD,5 TGT,4 REC,52 REC YD,REC TD",$29,11.8,14.0,27,2025-10-06 13:37:21,Week 5,Sunday,14.0,29,1:00 PM (6 NFL Games),52
Amon-Ra St. Brown,WR,"DET 37 @ CIN 24, Final","9 TGT,8 REC,100 REC YD",$39,19.0,14.0,47,2025-10-06 13:36:58,Week 5,Sunday,14.0,39,1:00 PM (10 NFL Games),53
Courtland Sutton,WR,"DEN 21 @ PHI 17, Final","10 TGT,8 REC,99 REC YD",$25,13.5,13.9,48,2025-10-06 13:36:35,Week 5,Sunday,13.9,25,9:30 AM (1 NFL Game),54
Dalton Kincaid,TE,"NE 23 @ BUF 20, Final","6 TGT,6 REC,108 REC YD",$18,11.3,13.8,3,2025-10-06 13:37:50,Week 5,Sunday,13.8,18,8:20 PM (1 NFL Game),55
Rhamondre Stevenson,RB,"NE 23 @ BUF 20, Final","7 RUSH ATT,14 RUSH YD,2 RUSH TD,2 TGT,2 REC,13 REC YD,FUM LOST",$17,8.8,13.7,4,2025-10-06 13:37:50,Week 5,Sunday,13.7,17,8:20 PM (1 NFL Game),56
De'Von Achane,RB,"MIA 24 @ CAR 27, Final","10 RUSH ATT,16 RUSH YD,7 TGT,6 REC,30 REC YD,REC TD",$39,16.0,13.6,49,2025-10-06 13:36:35,Week 5,Sunday,13.6,39,9:30 AM (1 NFL Game),57
Ashton Jeanty,RB,"LV 6 @ IND 40, Final","14 RUSH ATT,67 RUSH YD,7 TGT,5 REC,42 REC YD",$31,13.8,13.4,50,2025-10-06 13:36:35,Week 5,Sunday,13.4,31,9:30 AM (1 NFL Game),58
Tony Pollard,RB,"TEN 22 @ ARI 21, Final","14 RUSH ATT,67 RUSH YD,RUSH TD,3 TGT,3 REC,11 REC YD,FUM LOST",$23,10.4,13.3,51,2025-10-06 13:36:35,Week 5,Sunday,13.3,23,9:30 AM (1 NFL Game),59
Quinshon Judkins,RB,"MIN 21 @ CLE 17, Final","23 RUSH ATT,110 RUSH YD,2 TGT,REC,18 REC YD",$30,14.4,13.3,5,2025-10-06 13:01:51,Week 5,Sunday,13.3,30,Early Sunday Game,60
Mason Taylor,TE,"DAL 37 @ NYJ 22, Final","12 TGT,9 REC,67 REC YD,2PT",$10,5.9,13.2,52,2025-10-06 13:36:58,Week 5,Sunday,13.2,10,1:00 PM (10 NFL Games),61
Bryce Young,QB,"MIA 24 @ CAR 27, Final","198 PASS YD,2 PASS TD,INT,3 RUSH ATT,RUSH YD,FUM LOST",$30,13.5,13.02,53,2025-10-06 13:36:58,Week 5,Sunday,13.02,30,1:00 PM (10 NFL Games),62
Washington Commanders,DEF,"WAS 27 @ LAC 10, Final","10 PTS ALLOWED,5 SACK,INT,FUM REC",$12,7.4,13.0,22,2025-10-06 13:37:36,Week 5,Sunday,13.0,12,4:05 PM (4 NFL Games),63
George Pickens,WR,"DAL 37 @ NYJ 22, Final","4 TGT,2 REC,57 REC YD,REC TD",$35,15.4,12.7,55,2025-10-06 13:36:35,Week 5,Sunday,12.7,35,9:30 AM (1 NFL Game),64
Jordan Addison,WR,"MIN 21 @ CLE 17, Final","6 TGT,5 REC,41 REC YD,REC TD",$20,13.0,12.6,6,2025-10-06 13:01:51,Week 5,Sunday,12.6,20,Early Sunday Game,65
Ladd McConkey,WR,"WAS 27 @ LAC 10, Final","7 TGT,5 REC,39 REC YD,REC TD",$24,7.6,12.4,58,2025-10-06 13:36:35,Week 5,Sunday,12.4,24,9:30 AM (1 NFL Game),66
Tyler Warren,TE,"LV 6 @ IND 40, Final","4 TGT,4 REC,44 REC YD,REC TD",$21,11.0,12.4,57,2025-10-06 13:36:35,Week 5,Sunday,12.4,21,9:30 AM (1 NFL Game),67
Michael Pittman Jr.,WR,"LV 6 @ IND 40, Final","6 TGT,5 REC,39 REC YD,REC TD",$24,12.9,12.4,56,2025-10-06 13:36:35,Week 5,Sunday,12.4,24,9:30 AM (1 NFL Game),68
Drake Maye,QB,"NE 23 @ BUF 20, Final","273 PASS YD,3 RUSH ATT,12 RUSH YD",$35,19.6,12.12,5,2025-10-06 13:37:50,Week 5,Sunday,12.12,35,8:20 PM (1 NFL Game),69
Nick Chubb,RB,"HOU 44 @ BAL 10, Final","11 RUSH ATT,61 RUSH YD,RUSH TD,TGT",$17,9.0,12.1,59,2025-10-06 13:36:58,Week 5,Sunday,12.1,17,1:00 PM (10 NFL Games),70
Marvin Harrison Jr.,WR,"TEN 22 @ ARI 21, Final","5 TGT,4 REC,98 REC YD",$26,10.5,11.8,24,2025-10-06 13:37:36,Week 5,Sunday,11.8,26,4:05 PM (4 NFL Games),71
Tory Horton,WR,"TB 38 @ SEA 35, Final","4 TGT,3 REC,39 REC YD,REC TD",$14,8.0,11.4,62,2025-10-06 13:36:58,Week 5,Sunday,11.4,14,1:00 PM (10 NFL Games),72
Cam Skattebo,RB,"NYG 14 @ NO 26, Final","15 RUSH ATT,59 RUSH YD,7 TGT,6 REC,45 REC YD,FUM LOST",$29,11.9,11.4,61,2025-10-06 13:36:35,Week 5,Sunday,11.4,29,9:30 AM (1 NFL Game),73
Zach Charbonnet,RB,"TB 38 @ SEA 35, Final","9 RUSH ATT,36 RUSH YD,RUSH TD,2 TGT,REC,12 REC YD",$20,8.6,11.3,26,2025-10-06 13:37:36,Week 5,Sunday,11.3,20,4:05 PM (4 NFL Games),74
Evan Engram,TE,"DEN 21 @ PHI 17, Final","6 TGT,4 REC,33 REC YD,REC TD",$12,5.4,11.3,63,2025-10-06 13:36:59,Week 5,Sunday,11.3,12,1:00 PM (10 NFL Games),75
Jordan Mason,RB,"MIN 21 @ CLE 17, Final","13 RUSH ATT,52 RUSH YD,RUSH TD,4 TGT,3 REC,4 REC YD,FUM LOST",$24,11.2,11.1,7,2025-10-06 13:01:51,Week 5,Sunday,11.1,24,Early Sunday Game,76
Houston Texans,DEF,"HOU 44 @ BAL 10, Final","10 PTS ALLOWED,SACK,3 INT",$14,8.6,11.0,65,2025-10-06 13:36:35,Week 5,Sunday,11.0,14,9:30 AM (1 NFL Game),77
Andrei Iosivas,WR,"DET 37 @ CIN 24, Final","7 TGT,5 REC,82 REC YD",$12,5.2,10.7,66,2025-10-06 13:36:59,Week 5,Sunday,10.7,12,1:00 PM (10 NFL Games),78
Josh Oliver,TE,"MIN 21 @ CLE 17, Final","3 TGT,2 REC,35 REC YD,REC TD",$10,4.8,10.5,8,2025-10-06 13:01:51,Week 5,Sunday,10.5,10,Early Sunday Game,79
Tetairoa McMillan,WR,"MIA 24 @ CAR 27, Final","8 TGT,6 REC,73 REC YD",$26,9.4,10.3,67,2025-10-06 13:36:35,Week 5,Sunday,10.3,26,9:30 AM (1 NFL Game),80
Cade Otton,TE,"TB 38 @ SEA 35, Final","5 TGT,4 REC,81 REC YD",$10,4.1,10.1,28,2025-10-06 13:37:36,Week 5,Sunday,10.1,10,4:05 PM (4 NFL Games),81
Xavier Legette,WR,"MIA 24 @ CAR 27, Final","3 TGT,2 REC,31 REC YD,REC TD",$12,4.3,10.1,68,2025-10-06 13:36:59,Week 5,Sunday,10.1,12,1:00 PM (10 NFL Games),82
Detroit Lions,DEF,"DET 37 @ CIN 24, Final","24 PTS ALLOWED,2 SACK,SAFETY,3 INT",$17,9.0,10.0,71,2025-10-06 13:36:35,Week 5,Sunday,10.0,17,9:30 AM (1 NFL Game),83
Omarion HamptonQ,RB,"WAS 27 @ LAC 10, Final","12 RUSH ATT,44 RUSH YD,6 TGT,6 REC,26 REC YD",$33,13.4,10.0,70,2025-10-06 13:36:35,Week 5,Sunday,10.0,33,9:30 AM (1 NFL Game),84
Sterling Shepard,WR,"TB 38 @ SEA 35, Final","RUSH ATT,-5 RUSH YD,5 TGT,4 REC,24 REC YD,REC TD",$11,6.7,9.9,72,2025-10-06 13:36:35,Week 5,Sunday,9.9,11,9:30 AM (1 NFL Game),85
Tee Higgins,WR,"DET 37 @ CIN 24, Final","7 TGT,3 REC,22 REC YD,REC TD",$25,6.9,9.7,74,2025-10-06 13:36:35,Week 5,Sunday,9.7,25,9:30 AM (1 NFL Game),86
Zay Flowers,WR,"HOU 44 @ BAL 10, Final","5 TGT,5 REC,72 REC YD",$29,11.8,9.7,73,2025-10-06 13:36:59,Week 5,Sunday,9.7,29,1:00 PM (10 NFL Games),87
Curtis Samuel,WR,"NE 23 @ BUF 20, Final","2 TGT,2 REC,26 REC YD,REC TD",$10,5.5,9.6,6,2025-10-06 13:37:50,Week 5,Sunday,9.6,10,8:20 PM (1 NFL Game),88
Chris Olave,WR,"NYG 14 @ NO 26, Final","11 TGT,7 REC,59 REC YD",$24,9.2,9.4,76,2025-10-06 13:36:35,Week 5,Sunday,9.4,24,9:30 AM (1 NFL Game),89
Dallas Goedert,TE,"DEN 21 @ PHI 17, Final","9 TGT,3 REC,19 REC YD,REC TD",$17,11.2,9.4,75,2025-10-06 13:36:35,Week 5,Sunday,9.4,17,9:30 AM (1 NFL Game),90
Harold Fannin Jr.,TE,"MIN 21 @ CLE 17, Final","4 TGT,4 REC,13 REC YD,REC TD",$12,6.8,9.3,9,2025-10-06 13:01:51,Week 5,Sunday,9.3,12,Early Sunday Game,91
Derrick Henry,RB,"HOU 44 @ BAL 10, Final","15 RUSH ATT,33 RUSH YD,RUSH TD,TGT",$36,11.5,9.3,77,2025-10-06 13:36:59,Week 5,Sunday,9.3,36,1:00 PM (10 NFL Games),92
Kenneth Walker III,RB,"TB 38 @ SEA 35, Final","10 RUSH ATT,86 RUSH YD,TGT,REC",$26,12.1,9.1,79,2025-10-06 13:36:59,Week 5,Sunday,9.1,26,1:00 PM (10 NFL Games),93
Tre Tucker,WR,"LV 6 @ IND 40, Final","RUSH ATT,9 RUSH YD,6 TGT,4 REC,62 REC YD",$20,13.0,9.1,78,2025-10-06 13:36:59,Week 5,Sunday,9.1,20,1:00 PM (10 NFL Games),94
Cam Ward,QB,"TEN 22 @ ARI 21, Final","265 PASS YD,INT,5 RUSH ATT,-6 RUSH YD",$21,8.0,9.0,80,2025-10-06 13:36:59,Week 5,Sunday,9.0,21,1:00 PM (10 NFL Games),95
Tennessee Titans,DEF,"TEN 22 @ ARI 21, Final","21 PTS ALLOWED,3 SACK,3 FUM REC",$10,4.2,9.0,81,2025-10-06 13:36:59,Week 5,Sunday,9.0,10,1:00 PM (10 NFL Games),96
Cooper Kupp,WR,"TB 38 @ SEA 35, Final","9 TGT,6 REC,59 REC YD",$17,6.5,8.9,82,2025-10-06 13:36:59,Week 5,Sunday,8.9,17,1:00 PM (10 NFL Games),97
Bam Knight,RB,"TEN 22 @ ARI 21, Final","4 RUSH ATT,11 RUSH YD,RUSH TD,TGT,REC,13 REC YD",$10,3.0,8.9,83,2025-10-06 13:36:36,Week 5,Sunday,8.9,10,9:30 AM (1 NFL Game),98
Jaylin Noel,WR,"HOU 44 @ BAL 10, Final","RUSH ATT,5 RUSH YD,3 TGT,2 REC,13 REC YD,REC TD",$10,2.3,8.8,84,2025-10-06 13:36:59,Week 5,Sunday,8.8,10,1:00 PM (10 NFL Games),99
Dalton Schultz,TE,"HOU 44 @ BAL 10, Final","6 TGT,5 REC,60 REC YD",$11,5.8,8.5,85,2025-10-06 13:36:36,Week 5,Sunday,8.5,11,9:30 AM (1 NFL Game),100
Josh Downs,WR,"LV 6 @ IND 40, Final","8 TGT,6 REC,54 REC YD",$16,5.5,8.4,87,2025-10-06 13:36:36,Week 5,Sunday,8.4,16,9:30 AM (1 NFL Game),101
Christian Kirk,WR,"HOU 44 @ BAL 10, Final","4 TGT,4 REC,64 REC YD",$13,5.3,8.4,86,2025-10-06 13:36:59,Week 5,Sunday,8.4,13,1:00 PM (10 NFL Games),102
Keon Coleman,WR,"NE 23 @ BUF 20, Final","7 TGT,4 REC,23 REC YD,REC TD,FUM LOST",$19,8.6,8.3,7,2025-10-06 13:37:50,Week 5,Sunday,8.3,19,8:20 PM (1 NFL Game),103
Chase Brown,RB,"DET 37 @ CIN 24, Final","8 RUSH ATT,27 RUSH YD,8 TGT,7 REC,21 REC YD",$29,8.1,8.3,89,2025-10-06 13:36:36,Week 5,Sunday,8.3,29,9:30 AM (1 NFL Game),104
Keenan Allen,WR,"WAS 27 @ LAC 10, Final","9 TGT,5 REC,58 REC YD",$26,12.3,8.3,88,2025-10-06 13:36:36,Week 5,Sunday,8.3,26,9:30 AM (1 NFL Game),105
Tez Johnson,WR,"TB 38 @ SEA 35, Final","RUSH ATT,2 RUSH YD,4 TGT,4 REC,59 REC YD",$10,2.5,8.1,90,2025-10-06 13:36:59,Week 5,Sunday,8.1,10,1:00 PM (10 NFL Games),106
Khalil Shakir,WR,"NE 23 @ BUF 20, Final","RUSH ATT,5 RUSH YD,9 TGT,6 REC,45 REC YD",$21,9.4,8.0,8,2025-10-06 13:37:50,Week 5,Sunday,8.0,21,8:20 PM (1 NFL Game),107
New England Patriots,DEF,"NE 23 @ BUF 20, Final","20 PTS ALLOWED,SACK,INT,2 FUM REC",$13,8.2,8.0,9,2025-10-06 13:37:50,Week 5,Sunday,8.0,13,8:20 PM (1 NFL Game),108
Geno Smith,QB,"LV 6 @ IND 40, Final","228 PASS YD,2 INT,3 RUSH ATT,8 RUSH YD",$32,14.3,7.92,91,2025-10-06 13:36:36,Week 5,Sunday,7.92,32,9:30 AM (1 NFL Game),109
Brock Wright,TE,"DET 37 @ CIN 24, Final","3 TGT,2 REC,9 REC YD,REC TD",$10,9.1,7.9,92,2025-10-06 13:36:36,Week 5,Sunday,7.9,10,9:30 AM (1 NFL Game),110
Isaac TeSlaa,WR,"DET 37 @ CIN 24, Final","TGT,REC,12 REC YD,REC TD",$10,4.7,7.7,93,2025-10-06 13:36:59,Week 5,Sunday,7.7,10,1:00 PM (10 NFL Games),111
Alvin Kamara,RB,"NYG 14 @ NO 26, Final","8 RUSH ATT,27 RUSH YD,6 TGT,4 REC,28 REC YD",$30,9.7,7.5,94,2025-10-06 13:36:59,Week 5,Sunday,7.5,30,1:00 PM (10 NFL Games),112
Daniel Bellinger,TE,"NYG 14 @ NO 26, Final","4 TGT,4 REC,52 REC YD",$10,3.0,7.2,95,2025-10-06 13:36:59,Week 5,Sunday,7.2,10,1:00 PM (10 NFL Games),113
Tyler Lockett,WR,"TEN 22 @ ARI 21, Final","4 TGT,REC,6 REC YD,FUM RET TD",$10,2.9,7.1,96,2025-10-06 13:36:59,Week 5,Sunday,7.1,10,1:00 PM (10 NFL Games),114
Dallas Cowboys,DEF,"DAL 37 @ NYJ 22, Final","22 PTS ALLOWED,5 SACK,FUM REC",$11,2.2,7.0,97,2025-10-06 13:36:59,Week 5,Sunday,7.0,11,1:00 PM (10 NFL Games),115
Troy Franklin,WR,"DEN 21 @ PHI 17, Final","5 TGT,3 REC,35 REC YD,2PT",$16,8.5,7.0,98,2025-10-06 13:36:59,Week 5,Sunday,7.0,16,1:00 PM (10 NFL Games),116
Miami Dolphins,DEF,"MIA 24 @ CAR 27, Final","27 PTS ALLOWED,3 SACK,INT,FUM REC",$10,4.8,7.0,100,2025-10-06 13:36:59,Week 5,Sunday,7.0,10,1:00 PM (10 NFL Games),117
Denver Broncos,DEF,"DEN 21 @ PHI 17, Final","17 PTS ALLOWED,6 SACK",$13,8.0,7.0,99,2025-10-06 13:36:59,Week 5,Sunday,7.0,13,1:00 PM (10 NFL Games),118
Cleveland Browns,DEF,"MIN 21 @ CLE 17, Final","21 PTS ALLOWED,3 SACK,2 FUM REC",$10,4.8,7.0,10,2025-10-06 13:01:51,Week 5,Sunday,7.0,10,Early Sunday Game,119
Mitchell Evans,TE,"MIA 24 @ CAR 27, Final","TGT,REC,4 REC YD,REC TD",$10,4.9,6.9,101,2025-10-06 13:36:36,Week 5,Sunday,6.9,10,9:30 AM (1 NFL Game),120
A.J. Brown,WR,"DEN 21 @ PHI 17, Final","8 TGT,5 REC,43 REC YD",$22,7.0,6.8,102,2025-10-06 13:36:36,Week 5,Sunday,6.8,22,9:30 AM (1 NFL Game),121
Chig Okonkwo,TE,"TEN 22 @ ARI 21, Final","5 TGT,4 REC,48 REC YD",$12,5.1,6.8,103,2025-10-06 13:36:36,Week 5,Sunday,6.8,12,9:30 AM (1 NFL Game),122
T.J. Hockenson,TE,"MIN 21 @ CLE 17, Final","6 TGT,6 REC,38 REC YD",$14,6.2,6.8,11,2025-10-06 13:01:51,Week 5,Sunday,6.8,14,Early Sunday Game,123
Trey McBride,TE,"TEN 22 @ ARI 21, Final","7 TGT,5 REC,41 REC YD",$25,9.6,6.6,105,2025-10-06 13:36:36,Week 5,Sunday,6.6,25,9:30 AM (1 NFL Game),124
Andrew Beck,RB,"DAL 37 @ NYJ 22, Final","2 TGT,REC,REC YD,REC TD",$10,3.3,6.6,104,2025-10-06 13:37:00,Week 5,Sunday,6.6,10,1:00 PM (10 NFL Games),125
Ashton Dulin,WR,"LV 6 @ IND 40, Final","5 TGT,2 REC,55 REC YD",$10,2.1,6.5,106,2025-10-06 13:37:00,Week 5,Sunday,6.5,10,1:00 PM (10 NFL Games),126
Josh Reynolds,WR,"DAL 37 @ NYJ 22, Final","4 TGT,3 REC,29 REC YD,2PT",$10,3.1,6.4,107,2025-10-06 13:36:36,Week 5,Sunday,6.4,10,9:30 AM (1 NFL Game),127
Albert Okwuegbunam Jr.,TE,"LV 6 @ IND 40, Final","6 TGT,5 REC,36 REC YD",$10,6.1,6.1,108,2025-10-06 13:37:00,Week 5,Sunday,6.1,10,1:00 PM (10 NFL Games),128
Emari Demercado,RB,"TEN 22 @ ARI 21, Final","3 RUSH ATT,81 RUSH YD,FUM LOST",$10,3.8,6.1,109,2025-10-06 13:37:00,Week 5,Sunday,6.1,10,1:00 PM (10 NFL Games),129
Arizona Cardinals,DEF,"TEN 22 @ ARI 21, Final","22 PTS ALLOWED,2 SACK,INT,FUM REC",$16,7.0,6.0,110,2025-10-06 13:37:00,Week 5,Sunday,6.0,16,1:00 PM (10 NFL Games),130
Buffalo Bills,DEF,"NE 23 @ BUF 20, Final","23 PTS ALLOWED,4 SACK,FUM REC",$11,4.8,6.0,10,2025-10-06 13:37:50,Week 5,Sunday,6.0,11,8:20 PM (1 NFL Game),131
Kayshon Boutte,WR,"NE 23 @ BUF 20, Final","3 TGT,3 REC,43 REC YD",$15,6.7,5.8,11,2025-10-06 13:37:50,Week 5,Sunday,5.8,15,8:20 PM (1 NFL Game),132
Wan'Dale Robinson,WR,"NYG 14 @ NO 26, Final","RUSH ATT,2 RUSH YD,7 TGT,5 REC,30 REC YD",$22,8.9,5.7,111,2025-10-06 13:37:00,Week 5,Sunday,5.7,22,1:00 PM (10 NFL Games),133
Jalen Nailor,WR,"MIN 21 @ CLE 17, Final","RUSH ATT,15 RUSH YD,4 TGT,3 REC,27 REC YD",$11,5.5,5.7,12,2025-10-06 13:01:51,Week 5,Sunday,5.7,11,Early Sunday Game,134
DeAndre Hopkins,WR,"HOU 44 @ BAL 10, Final","2 TGT,2 REC,46 REC YD",$11,6.3,5.6,112,2025-10-06 13:37:00,Week 5,Sunday,5.6,11,1:00 PM (10 NFL Games),135
Hunter Henry,TE,"NE 23 @ BUF 20, Final","4 TGT,2 REC,46 REC YD",$18,10.3,5.6,12,2025-10-06 13:37:50,Week 5,Sunday,5.6,18,8:20 PM (1 NFL Game),136
Luke McCaffrey,WR,"WAS 27 @ LAC 10, Final","2 TGT,REC,50 REC YD",$10,6.4,5.5,113,2025-10-06 13:36:36,Week 5,Sunday,5.5,10,9:30 AM (1 NFL Game),137
Kendre Miller,RB,"NYG 14 @ NO 26, Final","10 RUSH ATT,41 RUSH YD,TGT,REC,8 REC YD",$11,5.3,5.4,114,2025-10-06 13:36:36,Week 5,Sunday,5.4,11,9:30 AM (1 NFL Game),138
Gunnar Helm,TE,"TEN 22 @ ARI 21, Final","5 TGT,4 REC,34 REC YD",$10,3.1,5.4,115,2025-10-06 13:37:00,Week 5,Sunday,5.4,10,1:00 PM (10 NFL Games),139
Cam Akers,RB,"MIN 21 @ CLE 17, Final","32 PASS YD,PASS TD",$10,3.6,5.28,13,2025-10-06 13:01:51,Week 5,Sunday,5.28,10,Early Sunday Game,140
Jayden Higgins,WR,"HOU 44 @ BAL 10, Final","4 TGT,4 REC,32 REC YD",$11,4.5,5.2,116,2025-10-06 13:37:00,Week 5,Sunday,5.2,11,1:00 PM (10 NFL Games),141
Jakobi Meyers,WR,"LV 6 @ IND 40, Final","6 TGT,4 REC,32 REC YD",$27,8.3,5.2,117,2025-10-06 13:37:00,Week 5,Sunday,5.2,27,1:00 PM (10 NFL Games),142
Quentin Johnston,WR,"WAS 27 @ LAC 10, Final","RUSH ATT,9 RUSH YD,4 TGT,4 REC,40 REC YD,FUM LOST",$28,14.7,4.9,118,2025-10-06 13:37:00,Week 5,Sunday,4.9,28,1:00 PM (10 NFL Games),143
James Cook III,RB,"NE 23 @ BUF 20, Final","15 RUSH ATT,49 RUSH YD,TGT",$41,18.0,4.9,13,2025-10-06 13:37:50,Week 5,Sunday,4.9,41,8:20 PM (1 NFL Game),144
Jeremy Ruckert,TE,"DAL 37 @ NYJ 22, Final","4 TGT,4 REC,28 REC YD",$10,4.3,4.8,119,2025-10-06 13:36:36,Week 5,Sunday,4.8,10,9:30 AM (1 NFL Game),145
Isaiah Davis,RB,"DAL 37 @ NYJ 22, Final","RUSH ATT,5 RUSH YD,4 TGT,3 REC,28 REC YD",$10,2.3,4.8,120,2025-10-06 13:36:37,Week 5,Sunday,4.8,10,9:30 AM (1 NFL Game),146
Jerome Ford,RB,"MIN 21 @ CLE 17, Final","5 RUSH ATT,18 RUSH YD,2 TGT,2 REC,20 REC YD",$11,3.5,4.8,14,2025-10-06 13:01:51,Week 5,Sunday,4.8,11,Early Sunday Game,147
Joshua Palmer,WR,"NE 23 @ BUF 20, Final","2 TGT,2 REC,36 REC YD",$14,4.7,4.6,14,2025-10-06 13:37:50,Week 5,Sunday,4.6,14,8:20 PM (1 NFL Game),148
RJ Harvey,RB,"DEN 21 @ PHI 17, Final","4 RUSH ATT,12 RUSH YD,3 TGT,3 REC,18 REC YD",$13,7.1,4.5,121,2025-10-06 13:37:00,Week 5,Sunday,4.5,13,1:00 PM (10 NFL Games),149
Jack Bech,WR,"LV 6 @ IND 40, Final","5 TGT,3 REC,27 REC YD",$10,2.1,4.2,122,2025-10-06 13:37:00,Week 5,Sunday,4.2,10,1:00 PM (10 NFL Games),150
Julian Hill,TE,"MIA 24 @ CAR 27, Final","5 TGT,4 REC,22 REC YD",$10,1.9,4.2,123,2025-10-06 13:37:00,Week 5,Sunday,4.2,10,1:00 PM (10 NFL Games),151
Cooper Rush,QB,"HOU 44 @ BAL 10, Final","179 PASS YD,3 INT",$20,1.9,4.16,124,2025-10-06 13:36:37,Week 5,Sunday,4.16,20,9:30 AM (1 NFL Game),152
Chris Godwin Jr.,WR,"TB 38 @ SEA 35, Final","4 TGT,3 REC,26 REC YD",$24,4.1,4.1,126,2025-10-06 13:36:37,Week 5,Sunday,4.1,24,9:30 AM (1 NFL Game),153
Dareke Young,WR,"TB 38 @ SEA 35, Final","TGT,REC,36 REC YD",$10,1.5,4.1,127,2025-10-06 13:36:37,Week 5,Sunday,4.1,10,9:30 AM (1 NFL Game),154
Jimmy Horn Jr.,WR,"MIA 24 @ CAR 27, Final","2 RUSH ATT,10 RUSH YD,3 TGT,2 REC,21 REC YD",$10,4.1,4.1,125,2025-10-06 13:36:37,Week 5,Sunday,4.1,10,9:30 AM (1 NFL Game),155
Tyler Conklin,TE,"WAS 27 @ LAC 10, Final","3 TGT,2 REC,30 REC YD",$10,2.8,4.0,128,2025-10-06 13:36:37,Week 5,Sunday,4.0,10,9:30 AM (1 NFL Game),156
Isaiah Bond,WR,"MIN 21 @ CLE 17, Final","8 TGT,2 REC,29 REC YD",$10,3.4,3.9,15,2025-10-06 13:01:51,Week 5,Sunday,3.9,10,Early Sunday Game,157
Samaje Perine,RB,"DET 37 @ CIN 24, Final","4 RUSH ATT,27 RUSH YD,2 TGT,2 REC,2 REC YD",$10,1.2,3.9,129,2025-10-06 13:36:37,Week 5,Sunday,3.9,10,9:30 AM (1 NFL Game),158
TreVeyon Henderson,RB,"NE 23 @ BUF 20, Final","6 RUSH ATT,24 RUSH YD,3 TGT,2 REC,3 REC YD",$21,6.9,3.7,15,2025-10-06 13:37:50,Week 5,Sunday,3.7,21,8:20 PM (1 NFL Game),159
Ian Thomas,TE,"LV 6 @ IND 40, Final","3 TGT,3 REC,20 REC YD",$10,1.8,3.5,130,2025-10-06 13:37:00,Week 5,Sunday,3.5,10,1:00 PM (10 NFL Games),160
Trevor Etienne,RB,"MIA 24 @ CAR 27, Final","4 RUSH ATT,22 RUSH YD,TGT,REC,7 REC YD",$10,1.6,3.4,131,2025-10-06 13:36:37,Week 5,Sunday,3.4,10,9:30 AM (1 NFL Game),161
Brenden Bates,TE,"HOU 44 @ BAL 10, Final","2 TGT,2 REC,23 REC YD",$10,3.3,3.3,132,2025-10-06 13:36:37,Week 5,Sunday,3.3,10,9:30 AM (1 NFL Game),162
Mark Andrews,TE,"HOU 44 @ BAL 10, Final","3 TGT,2 REC,22 REC YD",$17,7.1,3.2,133,2025-10-06 13:36:37,Week 5,Sunday,3.2,17,9:30 AM (1 NFL Game),163
Antonio GibsonQ,RB,"NE 23 @ BUF 20, Final","6 RUSH ATT,21 RUSH YD,TGT,REC,5 REC YD",$10,4.4,3.1,16,2025-10-06 13:37:50,Week 5,Sunday,3.1,10,8:20 PM (1 NFL Game),164
Los Angeles Chargers,DEF,"WAS 27 @ LAC 10, Final","27 PTS ALLOWED,SACK,FUM REC",$12,5.4,3.0,135,2025-10-06 13:36:37,Week 5,Sunday,3.0,12,9:30 AM (1 NFL Game),165
Carolina Panthers,DEF,"MIA 24 @ CAR 27, Final","24 PTS ALLOWED,3 SACK",$12,5.4,3.0,134,2025-10-06 13:37:00,Week 5,Sunday,3.0,12,1:00 PM (10 NFL Games),166
Minnesota Vikings,DEF,"MIN 21 @ CLE 17, Final","17 PTS ALLOWED,2 SACK",$17,9.4,3.0,16,2025-10-06 13:01:51,Week 5,Sunday,3.0,17,Early Sunday Game,167
Marvin Mims Jr.,WR,"DEN 21 @ PHI 17, Final","RUSH ATT,9 RUSH YD,5 TGT,2 REC,10 REC YD",$14,6.3,2.9,136,2025-10-06 13:36:37,Week 5,Sunday,2.9,14,9:30 AM (1 NFL Game),168
Devin Singletary,RB,"NYG 14 @ NO 26, Final","6 RUSH ATT,20 RUSH YD,2 TGT,REC,4 REC YD",$10,1.6,2.9,138,2025-10-06 13:36:37,Week 5,Sunday,2.9,10,9:30 AM (1 NFL Game),169
Jahan Dotson,WR,"DEN 21 @ PHI 17, Final","3 TGT,REC,24 REC YD",$10,2.5,2.9,137,2025-10-06 13:37:00,Week 5,Sunday,2.9,10,1:00 PM (10 NFL Games),170
Trey Lance,QB,"WAS 27 @ LAC 10, Final","44 PASS YD,RUSH ATT,11 RUSH YD",$20,2.9,2.86,139,2025-10-06 13:37:00,Week 5,Sunday,2.86,20,1:00 PM (10 NFL Games),171
Elic Ayomanor,WR,"TEN 22 @ ARI 21, Final","4 TGT,2 REC,18 REC YD",$16,7.2,2.8,141,2025-10-06 13:37:00,Week 5,Sunday,2.8,16,1:00 PM (10 NFL Games),172
Grant CalcaterraQ,TE,"DEN 21 @ PHI 17, Final","2 TGT,2 REC,18 REC YD",$10,1.5,2.8,140,2025-10-06 13:37:00,Week 5,Sunday,2.8,10,1:00 PM (10 NFL Games),173
Juwan Johnson,TE,"NYG 14 @ NO 26, Final","4 TGT,2 REC,17 REC YD",$17,8.0,2.7,142,2025-10-06 13:37:00,Week 5,Sunday,2.7,17,1:00 PM (10 NFL Games),174
Chimere Dike,WR,"TEN 22 @ ARI 21, Final","5 TGT,2 REC,17 REC YD",$10,1.4,2.7,143,2025-10-06 13:36:37,Week 5,Sunday,2.7,10,9:30 AM (1 NFL Game),175
DeMario Douglas,WR,"NE 23 @ BUF 20, Final","3 TGT,2 REC,17 REC YD",$11,3.2,2.7,17,2025-10-06 13:37:51,Week 5,Sunday,2.7,11,8:20 PM (1 NFL Game),176
Jamari Thrash,WR,"MIN 21 @ CLE 17, Final","TGT,REC,22 REC YD",$10,1.6,2.7,17,2025-10-06 13:01:51,Week 5,Sunday,2.7,10,Early Sunday Game,177
Darius SlaytonQ,WR,"NYG 14 @ NO 26, Final","6 TGT,3 REC,31 REC YD,FUM LOST",$14,4.1,2.6,144,2025-10-06 13:37:01,Week 5,Sunday,2.6,14,1:00 PM (10 NFL Games),178
Michael Wilson,WR,"TEN 22 @ ARI 21, Final","4 TGT,2 REC,16 REC YD",$12,3.0,2.6,146,2025-10-06 13:37:01,Week 5,Sunday,2.6,12,1:00 PM (10 NFL Games),179
Tanner Conner,TE,"MIA 24 @ CAR 27, Final","2 TGT,2 REC,16 REC YD",$10,1.9,2.6,145,2025-10-06 13:36:37,Week 5,Sunday,2.6,10,9:30 AM (1 NFL Game),180
Jerry Jeudy,WR,"MIN 21 @ CLE 17, Final","4 TGT,2 REC,15 REC YD",$24,5.4,2.5,18,2025-10-06 13:01:51,Week 5,Sunday,2.5,24,Early Sunday Game,181
Dawson Knox,TE,"NE 23 @ BUF 20, Final","2 TGT,2 REC,15 REC YD",$10,2.1,2.5,18,2025-10-06 13:37:51,Week 5,Sunday,2.5,10,8:20 PM (1 NFL Game),182
Mike Gesicki,TE,"DET 37 @ CIN 24, Final","5 TGT,2 REC,15 REC YD",$10,2.0,2.5,147,2025-10-06 13:37:01,Week 5,Sunday,2.5,10,1:00 PM (10 NFL Games),183
Woody Marks,RB,"HOU 44 @ BAL 10, Final","7 RUSH ATT,24 RUSH YD,TGT",$17,7.7,2.4,148,2025-10-06 13:36:37,Week 5,Sunday,2.4,17,9:30 AM (1 NFL Game),184
Kimani Vidal,RB,"WAS 27 @ LAC 10, Final","4 RUSH ATT,18 RUSH YD,TGT,REC,REC YD",$10,1.2,2.4,149,2025-10-06 13:37:01,Week 5,Sunday,2.4,10,1:00 PM (10 NFL Games),185
Jeremy McNichols,RB,"WAS 27 @ LAC 10, Final","RUSH ATT,6 RUSH YD,2 TGT,REC,12 REC YD",$10,4.9,2.3,151,2025-10-06 13:37:01,Week 5,Sunday,2.3,10,1:00 PM (10 NFL Games),186
Devaughn Vele,WR,"NYG 14 @ NO 26, Final","2 TGT,2 REC,13 REC YD",$10,3.6,2.3,150,2025-10-06 13:37:01,Week 5,Sunday,2.3,10,1:00 PM (10 NFL Games),187
Raheem Mostert,RB,"LV 6 @ IND 40, Final","7 RUSH ATT,22 RUSH YD",$10,5.0,2.2,152,2025-10-06 13:37:01,Week 5,Sunday,2.2,10,1:00 PM (10 NFL Games),188
Greg Dortch,WR,"TEN 22 @ ARI 21, Final","2 TGT,2 REC,12 REC YD",$10,2.4,2.2,154,2025-10-06 13:37:01,Week 5,Sunday,2.2,10,1:00 PM (10 NFL Games),189
DJ Giddens,RB,"LV 6 @ IND 40, Final","5 RUSH ATT,22 RUSH YD,TGT",$10,1.7,2.2,153,2025-10-06 13:37:01,Week 5,Sunday,2.2,10,1:00 PM (10 NFL Games),190
Jaylin Lane,WR,"WAS 27 @ LAC 10, Final","2 TGT,REC,16 REC YD",$10,2.7,2.1,157,2025-10-06 13:37:01,Week 5,Sunday,2.1,10,1:00 PM (10 NFL Games),191
Tyler Badie,RB,"DEN 21 @ PHI 17, Final","2 TGT,REC,16 REC YD",$10,1.9,2.1,155,2025-10-06 13:37:01,Week 5,Sunday,2.1,10,1:00 PM (10 NFL Games),192
Dameon Pierce,RB,"HOU 44 @ BAL 10, Final","7 RUSH ATT,21 RUSH YD",$10,1.3,2.1,156,2025-10-06 13:37:01,Week 5,Sunday,2.1,10,1:00 PM (10 NFL Games),193
Trent Sherfield Sr.,WR,"DEN 21 @ PHI 17, Final","2 TGT,REC,15 REC YD",$10,1.2,2.0,158,2025-10-06 13:37:01,Week 5,Sunday,2.0,10,1:00 PM (10 NFL Games),194
Philadelphia Eagles,DEF,"DEN 21 @ PHI 17, Final","21 PTS ALLOWED,2 SACK",$15,7.4,2.0,159,2025-10-06 13:37:01,Week 5,Sunday,2.0,15,1:00 PM (10 NFL Games),195
Malik Washington,WR,"MIA 24 @ CAR 27, Final","5 TGT,4 REC",$11,4.5,2.0,160,2025-10-06 13:37:01,Week 5,Sunday,2.0,11,1:00 PM (10 NFL Games),196
Cincinnati Bengals,DEF,"DET 37 @ CIN 24, Final","35 PTS ALLOWED,4 SACK,FUM REC",$10,2.8,2.0,163,2025-10-06 13:37:01,Week 5,Sunday,2.0,10,1:00 PM (10 NFL Games),197
Hassan Haskins,RB,"WAS 27 @ LAC 10, Final","5 RUSH ATT,13 RUSH YD,TGT,REC,2 REC YD",$10,0.4,2.0,162,2025-10-06 13:37:01,Week 5,Sunday,2.0,10,1:00 PM (10 NFL Games),198
Elijah Higgins,TE,"TEN 22 @ ARI 21, Final","2 TGT,2 REC,10 REC YD",$10,1.9,2.0,161,2025-10-06 13:37:01,Week 5,Sunday,2.0,10,1:00 PM (10 NFL Games),199
Oronde Gadsden,TE,"WAS 27 @ LAC 10, Final","TGT,REC,14 REC YD",$10,3.9,1.9,165,2025-10-06 13:36:38,Week 5,Sunday,1.9,10,9:30 AM (1 NFL Game),200
Arian Smith,WR,"DAL 37 @ NYJ 22, Final","TGT,REC,14 REC YD",$10,0.8,1.9,164,2025-10-06 13:37:01,Week 5,Sunday,1.9,10,1:00 PM (10 NFL Games),201
Keaton Mitchell,RB,"HOU 44 @ BAL 10, Final","3 RUSH ATT,8 RUSH YD,TGT,REC,5 REC YD",$10,1.8,1.8,166,2025-10-06 13:37:01,Week 5,Sunday,1.8,10,1:00 PM (10 NFL Games),202
Zay Jones,WR,"TEN 22 @ ARI 21, Final","3 TGT,2 REC,8 REC YD",$10,1.6,1.8,167,2025-10-06 13:37:01,Week 5,Sunday,1.8,10,1:00 PM (10 NFL Games),203
Anthony Richardson Sr.,QB,"LV 6 @ IND 40, Final","9 PASS YD,TGT,REC,9 REC YD",$20,0.8,1.76,168,2025-10-06 13:36:38,Week 5,Sunday,1.76,20,9:30 AM (1 NFL Game),204
Isaiah Likely,TE,"HOU 44 @ BAL 10, Final","TGT,REC,12 REC YD",$13,1.7,1.7,170,2025-10-06 13:37:01,Week 5,Sunday,1.7,13,1:00 PM (10 NFL Games),205
Justice Hill,RB,"HOU 44 @ BAL 10, Final","RUSH ATT,3 RUSH YD,2 TGT,REC,9 REC YD",$15,7.5,1.7,169,2025-10-06 13:36:38,Week 5,Sunday,1.7,15,9:30 AM (1 NFL Game),206
Adam Trautman,TE,"DEN 21 @ PHI 17, Final","TGT,REC,11 REC YD",$10,3.8,1.6,171,2025-10-06 13:36:38,Week 5,Sunday,1.6,10,9:30 AM (1 NFL Game),207
James Mitchell,TE,"MIA 24 @ CAR 27, Final","TGT,REC,11 REC YD",$10,2.2,1.6,172,2025-10-06 13:36:38,Week 5,Sunday,1.6,10,9:30 AM (1 NFL Game),208
Charlie Kolar,TE,"HOU 44 @ BAL 10, Final","TGT,REC,10 REC YD",$10,1.6,1.5,175,2025-10-06 13:36:38,Week 5,Sunday,1.5,10,9:30 AM (1 NFL Game),209
Elijah Arroyo,TE,"TB 38 @ SEA 35, Final","TGT,REC,10 REC YD",$10,2.4,1.5,176,2025-10-06 13:37:01,Week 5,Sunday,1.5,10,1:00 PM (10 NFL Games),210
Hunter Luepke,RB,"DAL 37 @ NYJ 22, Final","TGT,REC,10 REC YD",$10,0.7,1.5,173,2025-10-06 13:36:38,Week 5,Sunday,1.5,10,9:30 AM (1 NFL Game),211
Jameson Williams,WR,"DET 37 @ CIN 24, Final","RUSH ATT,RUSH YD,TGT,REC,9 REC YD",$22,6.8,1.5,177,2025-10-06 13:37:01,Week 5,Sunday,1.5,22,1:00 PM (10 NFL Games),212
British Brooks,RB,"HOU 44 @ BAL 10, Final","2 RUSH ATT,15 RUSH YD",$10,1.5,1.5,174,2025-10-06 13:36:38,Week 5,Sunday,1.5,10,9:30 AM (1 NFL Game),213
Brycen Tremayne,WR,"MIA 24 @ CAR 27, Final","TGT,REC,9 REC YD",$10,3.1,1.4,178,2025-10-06 13:36:38,Week 5,Sunday,1.4,10,9:30 AM (1 NFL Game),214
John Bates,TE,"WAS 27 @ LAC 10, Final","TGT,REC,9 REC YD",$10,1.4,1.4,180,2025-10-06 13:36:38,Week 5,Sunday,1.4,10,9:30 AM (1 NFL Game),215
Sean Tucker,RB,"TB 38 @ SEA 35, Final","3 RUSH ATT,3 RUSH YD,3 TGT,3 REC,-4 REC YD",$10,0.3,1.4,179,2025-10-06 13:37:01,Week 5,Sunday,1.4,10,1:00 PM (10 NFL Games),216
Tay Martin,WR,"WAS 27 @ LAC 10, Final","TGT,REC,9 REC YD",$10,1.7,1.4,181,2025-10-06 13:37:01,Week 5,Sunday,1.4,10,1:00 PM (10 NFL Games),217
Davis Mills,QB,"HOU 44 @ BAL 10, Final","23 PASS YD,3 RUSH ATT,3 RUSH YD",$20,1.2,1.22,182,2025-10-06 13:37:01,Week 5,Sunday,1.22,20,1:00 PM (10 NFL Games),218
A.J. Dillon,RB,"DEN 21 @ PHI 17, Final","2 RUSH ATT,12 RUSH YD",$10,1.5,1.2,183,2025-10-06 13:37:02,Week 5,Sunday,1.2,10,1:00 PM (10 NFL Games),219
Hunter Renfrow,WR,"MIA 24 @ CAR 27, Final","3 TGT,REC,7 REC YD",$10,5.4,1.2,185,2025-10-06 13:36:38,Week 5,Sunday,1.2,10,9:30 AM (1 NFL Game),220
Tommy Tremble,TE,"MIA 24 @ CAR 27, Final","2 TGT,REC,7 REC YD",$10,4.1,1.2,186,2025-10-06 13:36:38,Week 5,Sunday,1.2,10,9:30 AM (1 NFL Game),221
Beaux Collins,WR,"NYG 14 @ NO 26, Final","3 TGT,REC,7 REC YD",$10,0.6,1.2,184,2025-10-06 13:37:02,Week 5,Sunday,1.2,10,1:00 PM (10 NFL Games),222
Harrison Bryant,TE,"HOU 44 @ BAL 10, Final","2 TGT,REC,5 REC YD",$10,0.5,1.0,187,2025-10-06 13:37:02,Week 5,Sunday,1.0,10,1:00 PM (10 NFL Games),223
New York Giants,DEF,"NYG 14 @ NO 26, Final",20 PTS ALLOWED,$10,2.8,1.0,189,2025-10-06 13:37:02,Week 5,Sunday,1.0,10,1:00 PM (10 NFL Games),224
Brandin Cooks,WR,"NYG 14 @ NO 26, Final","TGT,REC,5 REC YD",$10,3.3,1.0,188,2025-10-06 13:36:38,Week 5,Sunday,1.0,10,9:30 AM (1 NFL Game),225
Ty Johnson,RB,"NE 23 @ BUF 20, Final","2 RUSH ATT,10 RUSH YD",$10,1.3,1.0,19,2025-10-06 13:37:51,Week 5,Sunday,1.0,10,8:20 PM (1 NFL Game),226
Will Shipley,RB,"DEN 21 @ PHI 17, Final","RUSH ATT,2 TGT,REC,4 REC YD",$10,1.2,0.9,190,2025-10-06 13:37:02,Week 5,Sunday,0.9,10,1:00 PM (10 NFL Games),227
Zaire Mitchell-Paden,TE,"HOU 44 @ BAL 10, Final","TGT,REC,3 REC YD",$10,0.4,0.8,194,2025-10-06 13:37:02,Week 5,Sunday,0.8,10,1:00 PM (10 NFL Games),228
Allen Lazard,WR,"DAL 37 @ NYJ 22, Final","2 TGT,REC,3 REC YD",$10,3.5,0.8,192,2025-10-06 13:37:02,Week 5,Sunday,0.8,10,1:00 PM (10 NFL Games),229
Luke Schoonmaker,TE,"DAL 37 @ NYJ 22, Final","2 TGT,REC,3 REC YD",$10,0.7,0.8,191,2025-10-06 13:37:02,Week 5,Sunday,0.8,10,1:00 PM (10 NFL Games),230
Adam Prentice,RB,"DEN 21 @ PHI 17, Final","RUSH ATT,8 RUSH YD",$10,0.7,0.8,193,2025-10-06 13:36:38,Week 5,Sunday,0.8,10,9:30 AM (1 NFL Game),231
Jaydon Blue,RB,"DAL 37 @ NYJ 22, Final","4 RUSH ATT,7 RUSH YD",$10,0.7,0.7,195,2025-10-06 13:37:02,Week 5,Sunday,0.7,10,1:00 PM (10 NFL Games),232
Chris Rodriguez Jr.,RB,"WAS 27 @ LAC 10, Final","5 RUSH ATT,7 RUSH YD",$12,3.5,0.7,196,2025-10-06 13:37:02,Week 5,Sunday,0.7,12,1:00 PM (10 NFL Games),233
Dylan Sampson,RB,"MIN 21 @ CLE 17, Final","RUSH ATT,-4 RUSH YD,2 TGT,REC,6 REC YD",$12,4.7,0.7,19,2025-10-06 13:01:51,Week 5,Sunday,0.7,12,Early Sunday Game,234
Taysom Hill,TE,"NYG 14 @ NO 26, Final","19 PASS YD,6 RUSH ATT,-1 RUSH YD",$16,0.7,0.66,197,2025-10-06 13:37:02,Week 5,Sunday,0.66,16,1:00 PM (10 NFL Games),235
Drew Sample,TE,"DET 37 @ CIN 24, Final","TGT,REC,-1 REC YD",$10,2.7,0.4,198,2025-10-06 13:36:39,Week 5,Sunday,0.4,10,9:30 AM (1 NFL Game),236
Julius Chestnut,RB,"TEN 22 @ ARI 21, Final","RUSH ATT,3 RUSH YD,TGT",$10,0.8,0.3,199,2025-10-06 13:37:02,Week 5,Sunday,0.3,10,1:00 PM (10 NFL Games),237
Ray Davis,RB,"NE 23 @ BUF 20, Final","2 RUSH ATT,RUSH YD",$10,0.7,0.1,20,2025-10-06 13:37:51,Week 5,Sunday,0.1,10,8:20 PM (1 NFL Game),238
Mo Alie-Cox,TE,"LV 6 @ IND 40, Final",,$10,1.9,0.0,264,2025-10-06 13:37:04,Week 5,Sunday,0.0,10,1:00 PM (10 NFL Games),239
Dont'e Thornton Jr.,WR,"LV 6 @ IND 40, Final",2 TGT,$10,2.4,0.0,263,2025-10-06 13:37:03,Week 5,Sunday,0.0,10,1:00 PM (10 NFL Games),240
Jonathon BrooksPUP,RB,"MIA 24 @ CAR 27, Final",,$10,2.0,0.0,284,2025-10-06 13:37:04,Week 5,Sunday,0.0,10,1:00 PM (10 NFL Games),241
Chuba HubbardO,RB,"MIA 24 @ CAR 27, Final",,$29,12.4,0.0,283,2025-10-06 13:37:04,Week 5,Sunday,0.0,29,1:00 PM (10 NFL Games),242
David MooreIR,WR,"MIA 24 @ CAR 27, Final",,$10,0.7,0.0,282,2025-10-06 13:37:04,Week 5,Sunday,0.0,10,1:00 PM (10 NFL Games),243
Trey PalmerIR,WR,"NYG 14 @ NO 26, Final",,$10,1.9,0.0,252,2025-10-06 13:37:03,Week 5,Sunday,0.0,10,1:00 PM (10 NFL Games),244
Mason Tipton,WR,"NYG 14 @ NO 26, Final",,$10,1.9,0.0,253,2025-10-06 13:37:03,Week 5,Sunday,0.0,10,1:00 PM (10 NFL Games),245
Dalevon CampbellIR,WR,"MIA 24 @ CAR 27, Final",,$10,—,0.0,286,2025-10-06 13:37:04,Week 5,Sunday,0.0,10,1:00 PM (10 NFL Games),246
Nate Adkins,TE,"DEN 21 @ PHI 17, Final",TGT,$10,0.5,0.0,219,2025-10-06 13:37:02,Week 5,Sunday,0.0,10,1:00 PM (10 NFL Games),247
Dylan Laube,RB,"LV 6 @ IND 40, Final",,$10,0.6,0.0,262,2025-10-06 13:37:03,Week 5,Sunday,0.0,10,1:00 PM (10 NFL Games),248
Kameron Johnson,WR,"TB 38 @ SEA 35, Final",,$10,—,0.0,293,2025-10-06 13:37:04,Week 5,Sunday,0.0,10,1:00 PM (10 NFL Games),249
Anthony Gould,WR,"LV 6 @ IND 40, Final",,$10,—,0.0,270,2025-10-06 13:37:04,Week 5,Sunday,0.0,10,1:00 PM (10 NFL Games),250
Tyler GoodsonO,RB,"LV 6 @ IND 40, Final",,$10,0.6,0.0,267,2025-10-06 13:37:04,Week 5,Sunday,0.0,10,1:00 PM (10 NFL Games),251
Drew Ogletree,TE,"LV 6 @ IND 40, Final",,$10,—,0.0,266,2025-10-06 13:37:04,Week 5,Sunday,0.0,10,1:00 PM (10 NFL Games),252
Alec PierceO,WR,"LV 6 @ IND 40, Final",,$18,7.2,0.0,265,2025-10-06 13:37:04,Week 5,Sunday,0.0,18,1:00 PM (10 NFL Games),253
Velus Jones Jr.,RB,"NYG 14 @ NO 26, Final",,$10,—,0.0,251,2025-10-06 13:37:03,Week 5,Sunday,0.0,10,1:00 PM (10 NFL Games),254
Justin Shorter,WR,"LV 6 @ IND 40, Final",,$10,—,0.0,260,2025-10-06 13:37:03,Week 5,Sunday,0.0,10,1:00 PM (10 NFL Games),255
Brock BowersO,TE,"LV 6 @ IND 40, Final",,$23,8.5,0.0,261,2025-10-06 13:37:03,Week 5,Sunday,0.0,23,1:00 PM (10 NFL Games),256
Mack Hollins,WR,"NE 23 @ BUF 20, Final",,$10,4.9,0.0,22,2025-10-06 13:37:51,Week 5,Sunday,0.0,10,8:20 PM (1 NFL Game),257
Tyler Shough,QB,"NYG 14 @ NO 26, Final",,$20,—,0.0,254,2025-10-06 13:37:03,Week 5,Sunday,0.0,20,1:00 PM (10 NFL Games),258
Ja'Tavion SandersO,TE,"MIA 24 @ CAR 27, Final",,$10,4.9,0.0,285,2025-10-06 13:37:04,Week 5,Sunday,0.0,10,1:00 PM (10 NFL Games),259
Graham Mertz,QB,"HOU 44 @ BAL 10, Final",,$20,—,0.0,231,2025-10-06 13:37:03,Week 5,Sunday,0.0,20,1:00 PM (10 NFL Games),260
Mike EvansO,WR,"TB 38 @ SEA 35, Final",,$28,9.0,0.0,287,2025-10-06 13:37:04,Week 5,Sunday,0.0,28,1:00 PM (10 NFL Games),261
Teddy Bridgewater,QB,"TB 38 @ SEA 35, Final",,$20,0.1,0.0,288,2025-10-06 13:37:04,Week 5,Sunday,0.0,20,1:00 PM (10 NFL Games),262
Braelon AllenIR,RB,"DAL 37 @ NYJ 22, Final",,$11,3.6,0.0,212,2025-10-06 13:37:02,Week 5,Sunday,0.0,11,1:00 PM (10 NFL Games),263
Stone Smartt,TE,"DAL 37 @ NYJ 22, Final",,$10,3.0,0.0,211,2025-10-06 13:37:02,Week 5,Sunday,0.0,10,1:00 PM (10 NFL Games),264
Kylen Granson,TE,"DEN 21 @ PHI 17, Final",,$10,0.3,0.0,221,2025-10-06 13:37:02,Week 5,Sunday,0.0,10,1:00 PM (10 NFL Games),265
John Metchie III,WR,"DEN 21 @ PHI 17, Final",,$10,1.0,0.0,222,2025-10-06 13:37:02,Week 5,Sunday,0.0,10,1:00 PM (10 NFL Games),266
Sam Howell,QB,"DEN 21 @ PHI 17, Final",,$20,0.2,0.0,223,2025-10-06 13:37:02,Week 5,Sunday,0.0,20,1:00 PM (10 NFL Games),267
CeeDee LambO,WR,"DAL 37 @ NYJ 22, Final",,$14,10.1,0.0,201,2025-10-06 13:36:39,Week 5,Sunday,0.0,14,9:30 AM (1 NFL Game),268
Elijah Moore,WR,"NE 23 @ BUF 20, Final",,$10,4.2,0.0,30,2025-10-06 13:37:51,Week 5,Sunday,0.0,10,8:20 PM (1 NFL Game),269
Austin Hooper,TE,"NE 23 @ BUF 20, Final",,$10,3.4,0.0,21,2025-10-06 13:37:51,Week 5,Sunday,0.0,10,8:20 PM (1 NFL Game),270
Tahj Washington,WR,"MIA 24 @ CAR 27, Final",,$10,—,0.0,279,2025-10-06 13:37:04,Week 5,Sunday,0.0,10,1:00 PM (10 NFL Games),271
Jack Stoll,TE,"NYG 14 @ NO 26, Final",,$10,3.4,0.0,250,2025-10-06 13:37:03,Week 5,Sunday,0.0,10,1:00 PM (10 NFL Games),272
Foster Moreau,TE,"NYG 14 @ NO 26, Final",,$10,5.5,0.0,249,2025-10-06 13:37:03,Week 5,Sunday,0.0,10,1:00 PM (10 NFL Games),273
Adonai Mitchell,WR,"LV 6 @ IND 40, Final",TGT,$10,3.0,0.0,269,2025-10-06 13:37:04,Week 5,Sunday,0.0,10,1:00 PM (10 NFL Games),274
Riley Leonard,QB,"LV 6 @ IND 40, Final",,$20,—,0.0,271,2025-10-06 13:37:04,Week 5,Sunday,0.0,20,1:00 PM (10 NFL Games),275
Devin Culp,TE,"TB 38 @ SEA 35, Final",,$10,5.7,0.0,292,2025-10-06 13:37:04,Week 5,Sunday,0.0,10,1:00 PM (10 NFL Games),276
Carter Runyon,TE,"LV 6 @ IND 40, Final",,$10,—,0.0,272,2025-10-06 13:37:04,Week 5,Sunday,0.0,10,1:00 PM (10 NFL Games),277
Zamir White,RB,"LV 6 @ IND 40, Final",,$10,2.0,0.0,258,2025-10-06 13:37:03,Week 5,Sunday,0.0,10,1:00 PM (10 NFL Games),278
Bucky IrvingO,RB,"TB 38 @ SEA 35, Final",,$37,15.6,0.0,291,2025-10-06 13:37:04,Week 5,Sunday,0.0,37,1:00 PM (10 NFL Games),279
Ryan Miller,WR,"TB 38 @ SEA 35, Final",,$10,2.8,0.0,290,2025-10-06 13:37:04,Week 5,Sunday,0.0,10,1:00 PM (10 NFL Games),280
Payne Durham,TE,"TB 38 @ SEA 35, Final",,$10,—,0.0,289,2025-10-06 13:37:04,Week 5,Sunday,0.0,10,1:00 PM (10 NFL Games),281
Michael MayerO,TE,"LV 6 @ IND 40, Final",,$10,2.6,0.0,259,2025-10-06 13:37:03,Week 5,Sunday,0.0,10,1:00 PM (10 NFL Games),282
Joshua Dobbs,QB,"NE 23 @ BUF 20, Final",,$20,-0.2,0.0,23,2025-10-06 13:37:51,Week 5,Sunday,0.0,20,8:20 PM (1 NFL Game),283
Kenny Pickett,QB,"LV 6 @ IND 40, Final",,$20,3.6,0.0,257,2025-10-06 13:37:03,Week 5,Sunday,0.0,20,1:00 PM (10 NFL Games),284
Craig Reynolds,RB,"DET 37 @ CIN 24, Final",,$10,0.1,0.0,333,2025-10-06 13:37:05,Week 5,Sunday,0.0,10,1:00 PM (10 NFL Games),285
Noah Fant,TE,"DET 37 @ CIN 24, Final",,$10,6.0,0.0,338,2025-10-06 13:37:05,Week 5,Sunday,0.0,10,1:00 PM (10 NFL Games),286
Mitch Tinsley,WR,"DET 37 @ CIN 24, Final",,$10,3.1,0.0,341,2025-10-06 13:37:05,Week 5,Sunday,0.0,10,1:00 PM (10 NFL Games),287
Erick All Jr.PUP,TE,"DET 37 @ CIN 24, Final",,$10,3.2,0.0,343,2025-10-06 13:37:05,Week 5,Sunday,0.0,10,1:00 PM (10 NFL Games),288
Zach Wilson,QB,"MIA 24 @ CAR 27, Final",,$20,1.6,0.0,276,2025-10-06 13:37:04,Week 5,Sunday,0.0,20,1:00 PM (10 NFL Games),289
Nick Westbrook-Ikhine,WR,"MIA 24 @ CAR 27, Final",,$10,1.2,0.0,275,2025-10-06 13:37:04,Week 5,Sunday,0.0,10,1:00 PM (10 NFL Games),290
Alec Ingold,RB,"MIA 24 @ CAR 27, Final",TGT,$10,1.0,0.0,274,2025-10-06 13:37:04,Week 5,Sunday,0.0,10,1:00 PM (10 NFL Games),291
Tyreek HillIR,WR,"MIA 24 @ CAR 27, Final",,$26,10.8,0.0,273,2025-10-06 13:37:04,Week 5,Sunday,0.0,26,1:00 PM (10 NFL Games),292
Will Mallory,TE,"LV 6 @ IND 40, Final",,$10,0.7,0.0,268,2025-10-06 13:37:04,Week 5,Sunday,0.0,10,1:00 PM (10 NFL Games),293
Josh Williams,RB,"TB 38 @ SEA 35, Final",,$10,—,0.0,294,2025-10-06 13:37:04,Week 5,Sunday,0.0,10,1:00 PM (10 NFL Games),294
Miles SandersO,RB,"DAL 37 @ NYJ 22, Final",,$12,5.7,0.0,200,2025-10-06 13:36:39,Week 5,Sunday,0.0,12,9:30 AM (1 NFL Game),295
Travis Vokolek,TE,"TEN 22 @ ARI 21, Final",,$10,—,0.0,311,2025-10-06 13:37:05,Week 5,Sunday,0.0,10,1:00 PM (10 NFL Games),296
Kene NwangwuO,RB,"DAL 37 @ NYJ 22, Final",,$10,—,0.0,208,2025-10-06 13:36:39,Week 5,Sunday,0.0,10,9:30 AM (1 NFL Game),297
Jelani Woods,TE,"DAL 37 @ NYJ 22, Final",,$10,—,0.0,209,2025-10-06 13:36:39,Week 5,Sunday,0.0,10,9:30 AM (1 NFL Game),298
Irvin CharlesPUP,WR,"DAL 37 @ NYJ 22, Final",,$10,—,0.0,210,2025-10-06 13:36:39,Week 5,Sunday,0.0,10,9:30 AM (1 NFL Game),299
Jackson Meeks,WR,"DET 37 @ CIN 24, Final",,$10,—,0.0,347,2025-10-06 13:37:06,Week 5,Sunday,0.0,10,1:00 PM (10 NFL Games),300
Ross Dwelley,TE,"DET 37 @ CIN 24, Final",,$10,0.5,0.0,346,2025-10-06 13:37:06,Week 5,Sunday,0.0,10,1:00 PM (10 NFL Games),301
Tahj Brooks,RB,"DET 37 @ CIN 24, Final",,$10,0.6,0.0,345,2025-10-06 13:37:05,Week 5,Sunday,0.0,10,1:00 PM (10 NFL Games),302
Cam Grandy,TE,"DET 37 @ CIN 24, Final",,$10,1.1,0.0,344,2025-10-06 13:37:05,Week 5,Sunday,0.0,10,1:00 PM (10 NFL Games),303
Brett Rypien,QB,"DET 37 @ CIN 24, Final",,$20,—,0.0,339,2025-10-06 13:37:05,Week 5,Sunday,0.0,20,1:00 PM (10 NFL Games),304
Tommy DeVito,QB,"NE 23 @ BUF 20, Final",,$20,6.7,0.0,24,2025-10-06 13:37:51,Week 5,Sunday,0.0,20,8:20 PM (1 NFL Game),305
Moliki Matavao,TE,"NYG 14 @ NO 26, Final",,$10,—,0.0,256,2025-10-06 13:37:03,Week 5,Sunday,0.0,10,1:00 PM (10 NFL Games),306
Sione VakiO,RB,"DET 37 @ CIN 24, Final",,$10,—,0.0,335,2025-10-06 13:37:05,Week 5,Sunday,0.0,10,1:00 PM (10 NFL Games),307
Devin Neal,RB,"NYG 14 @ NO 26, Final",,$10,0.9,0.0,255,2025-10-06 13:37:03,Week 5,Sunday,0.0,10,1:00 PM (10 NFL Games),308
Quinn Ewers,QB,"MIA 24 @ CAR 27, Final",,$20,—,0.0,280,2025-10-06 13:37:04,Week 5,Sunday,0.0,20,1:00 PM (10 NFL Games),309
Andy Dalton,QB,"MIA 24 @ CAR 27, Final",,$20,3.1,0.0,281,2025-10-06 13:37:04,Week 5,Sunday,0.0,20,1:00 PM (10 NFL Games),310
Jaylen Wright,RB,"MIA 24 @ CAR 27, Final",,$10,1.9,0.0,278,2025-10-06 13:37:04,Week 5,Sunday,0.0,10,1:00 PM (10 NFL Games),311
Joe Milton III,QB,"DAL 37 @ NYJ 22, Final",,$20,0.6,0.0,204,2025-10-06 13:36:39,Week 5,Sunday,0.0,20,9:30 AM (1 NFL Game),312
Dee Eskridge,WR,"MIA 24 @ CAR 27, Final",,$10,0.7,0.0,277,2025-10-06 13:37:04,Week 5,Sunday,0.0,10,1:00 PM (10 NFL Games),313
Tanner Hudson,TE,"DET 37 @ CIN 24, Final",,$10,3.2,0.0,337,2025-10-06 13:37:05,Week 5,Sunday,0.0,10,1:00 PM (10 NFL Games),314
Dominic Lovett,WR,"DET 37 @ CIN 24, Final",,$10,—,0.0,336,2025-10-06 13:37:05,Week 5,Sunday,0.0,10,1:00 PM (10 NFL Games),315
Tyler Johnson,WR,"DAL 37 @ NYJ 22, Final",,$10,2.8,0.0,207,2025-10-06 13:36:39,Week 5,Sunday,0.0,10,9:30 AM (1 NFL Game),316
Jack Westover,RB,"NE 23 @ BUF 20, Final",,$10,—,0.0,25,2025-10-06 13:37:51,Week 5,Sunday,0.0,10,8:20 PM (1 NFL Game),317
Tyrod Taylor,QB,"DAL 37 @ NYJ 22, Final",,$20,13.0,0.0,206,2025-10-06 13:36:39,Week 5,Sunday,0.0,20,9:30 AM (1 NFL Game),318
Brevyn Spann-Ford,TE,"DAL 37 @ NYJ 22, Final",,$10,0.2,0.0,205,2025-10-06 13:36:39,Week 5,Sunday,0.0,10,9:30 AM (1 NFL Game),319
Tyrell Shavers,WR,"NE 23 @ BUF 20, Final",TGT,$10,1.1,0.0,31,2025-10-06 13:37:51,Week 5,Sunday,0.0,10,8:20 PM (1 NFL Game),320
Charlie Jones,WR,"DET 37 @ CIN 24, Final",,$10,—,0.0,340,2025-10-06 13:37:05,Week 5,Sunday,0.0,10,1:00 PM (10 NFL Games),321
Reggie Gilliam,RB,"NE 23 @ BUF 20, Final",,$10,—,0.0,29,2025-10-06 13:37:51,Week 5,Sunday,0.0,10,8:20 PM (1 NFL Game),322
Mitchell Trubisky,QB,"NE 23 @ BUF 20, Final",,$20,1.0,0.0,28,2025-10-06 13:37:51,Week 5,Sunday,0.0,20,8:20 PM (1 NFL Game),323
Efton Chism III,WR,"NE 23 @ BUF 20, Final",,$10,—,0.0,27,2025-10-06 13:37:51,Week 5,Sunday,0.0,10,8:20 PM (1 NFL Game),324
Kyle Williams,WR,"NE 23 @ BUF 20, Final",,$10,0.9,0.0,26,2025-10-06 13:37:51,Week 5,Sunday,0.0,10,8:20 PM (1 NFL Game),325
Jalen Cropper,WR,"DAL 37 @ NYJ 22, Final",,$10,—,0.0,214,2025-10-06 13:37:02,Week 5,Sunday,0.0,10,1:00 PM (10 NFL Games),326
Tank Bigsby,RB,"DEN 21 @ PHI 17, Final",,$10,0.3,0.0,224,2025-10-06 13:37:03,Week 5,Sunday,0.0,10,1:00 PM (10 NFL Games),327
Tylan Wallace,WR,"HOU 44 @ BAL 10, Final",,$10,2.9,0.0,235,2025-10-06 13:37:03,Week 5,Sunday,0.0,10,1:00 PM (10 NFL Games),328
Sam Ehlinger,QB,"DEN 21 @ PHI 17, Final",,$20,—,0.0,216,2025-10-06 13:37:02,Week 5,Sunday,0.0,20,1:00 PM (10 NFL Games),329
KeAndre Lambert-Smith,WR,"WAS 27 @ LAC 10, Final",,$10,—,0.0,330,2025-10-06 13:37:05,Week 5,Sunday,0.0,10,1:00 PM (10 NFL Games),330
Tre' Harris,WR,"WAS 27 @ LAC 10, Final",,$10,1.5,0.0,329,2025-10-06 13:37:05,Week 5,Sunday,0.0,10,1:00 PM (10 NFL Games),331
George Holani,RB,"TB 38 @ SEA 35, Final",,$10,1.8,0.0,299,2025-10-06 13:37:04,Week 5,Sunday,0.0,10,1:00 PM (10 NFL Games),332
Derius DavisO,WR,"WAS 27 @ LAC 10, Final",,$10,-0.5,0.0,327,2025-10-06 13:37:05,Week 5,Sunday,0.0,10,1:00 PM (10 NFL Games),333
Tucker Fisk,TE,"WAS 27 @ LAC 10, Final",,$10,—,0.0,326,2025-10-06 13:37:05,Week 5,Sunday,0.0,10,1:00 PM (10 NFL Games),334
Will DisslyO,TE,"WAS 27 @ LAC 10, Final",,$10,1.8,0.0,325,2025-10-06 13:37:05,Week 5,Sunday,0.0,10,1:00 PM (10 NFL Games),335
Colson Yankoff,TE,"WAS 27 @ LAC 10, Final",,$10,—,0.0,324,2025-10-06 13:37:05,Week 5,Sunday,0.0,10,1:00 PM (10 NFL Games),336
Ben Sinnott,TE,"WAS 27 @ LAC 10, Final",,$10,1.2,0.0,323,2025-10-06 13:37:05,Week 5,Sunday,0.0,10,1:00 PM (10 NFL Games),337
Terry McLaurinO,WR,"WAS 27 @ LAC 10, Final",,$23,6.6,0.0,322,2025-10-06 13:37:05,Week 5,Sunday,0.0,23,1:00 PM (10 NFL Games),338
Noah BrownO,WR,"WAS 27 @ LAC 10, Final",,$10,2.6,0.0,321,2025-10-06 13:37:05,Week 5,Sunday,0.0,10,1:00 PM (10 NFL Games),339
Chris Moore,WR,"WAS 27 @ LAC 10, Final",TGT,$10,2.1,0.0,320,2025-10-06 13:37:05,Week 5,Sunday,0.0,10,1:00 PM (10 NFL Games),340
Brady Russell,RB,"TB 38 @ SEA 35, Final",,$10,—,0.0,298,2025-10-06 13:37:04,Week 5,Sunday,0.0,10,1:00 PM (10 NFL Games),341
Tyrone Tracy Jr.O,RB,"NYG 14 @ NO 26, Final",,$13,5.4,0.0,247,2025-10-06 13:37:03,Week 5,Sunday,0.0,13,1:00 PM (10 NFL Games),342
Robbie OuztsIR,RB,"TB 38 @ SEA 35, Final",,$10,—,0.0,300,2025-10-06 13:37:04,Week 5,Sunday,0.0,10,1:00 PM (10 NFL Games),343
Simi Fehoko,WR,"TEN 22 @ ARI 21, Final",,$10,—,0.0,310,2025-10-06 13:37:05,Week 5,Sunday,0.0,10,1:00 PM (10 NFL Games),344
Jalen Tolbert,WR,"DAL 37 @ NYJ 22, Final",TGT,$14,3.4,0.0,202,2025-10-06 13:36:39,Week 5,Sunday,0.0,14,9:30 AM (1 NFL Game),345
KaVontae TurpinO,WR,"DAL 37 @ NYJ 22, Final",,$15,7.4,0.0,203,2025-10-06 13:36:39,Week 5,Sunday,0.0,15,9:30 AM (1 NFL Game),346
Jacob Saylors,RB,"DET 37 @ CIN 24, Final",,$10,0.2,0.0,334,2025-10-06 13:37:05,Week 5,Sunday,0.0,10,1:00 PM (10 NFL Games),347
Kyle Allen,QB,"DET 37 @ CIN 24, Final",,$20,-0.2,0.0,332,2025-10-06 13:37:05,Week 5,Sunday,0.0,20,1:00 PM (10 NFL Games),348
James ConnerIR,RB,"TEN 22 @ ARI 21, Final",,$13,9.8,0.0,315,2025-10-06 13:37:05,Week 5,Sunday,0.0,13,1:00 PM (10 NFL Games),349
Xavier Weaver,WR,"TEN 22 @ ARI 21, Final",,$10,—,0.0,314,2025-10-06 13:37:05,Week 5,Sunday,0.0,10,1:00 PM (10 NFL Games),350
Tip ReimanQ,TE,"TEN 22 @ ARI 21, Final",TGT,$10,0.8,0.0,313,2025-10-06 13:37:05,Week 5,Sunday,0.0,10,1:00 PM (10 NFL Games),351
Myles Price,WR,"MIN 21 @ CLE 17, Final",,$10,—,0.0,26,2025-10-06 13:01:51,Week 5,Sunday,0.0,10,Early Sunday Game,352
Raheim Sanders,RB,"MIN 21 @ CLE 17, Final",,$10,6.3,0.0,34,2025-10-06 13:01:51,Week 5,Sunday,0.0,10,Early Sunday Game,353
Shedeur Sanders,QB,"MIN 21 @ CLE 17, Final",,$20,—,0.0,33,2025-10-06 13:01:51,Week 5,Sunday,0.0,20,Early Sunday Game,354
Blake Whiteheart,TE,"MIN 21 @ CLE 17, Final",,$10,—,0.0,32,2025-10-06 13:01:51,Week 5,Sunday,0.0,10,Early Sunday Game,355
Cedric TillmanIR,WR,"MIN 21 @ CLE 17, Final",,$19,7.0,0.0,31,2025-10-06 13:01:51,Week 5,Sunday,0.0,19,Early Sunday Game,356
Deshaun WatsonPUP,QB,"MIN 21 @ CLE 17, Final",,$20,11.4,0.0,30,2025-10-06 13:01:51,Week 5,Sunday,0.0,20,Early Sunday Game,357
DeAndre CarterIR,WR,"MIN 21 @ CLE 17, Final",,$10,—,0.0,29,2025-10-06 13:01:51,Week 5,Sunday,0.0,10,Early Sunday Game,358
Joe Flacco,QB,"MIN 21 @ CLE 17, Final",,$26,8.0,0.0,28,2025-10-06 13:01:51,Week 5,Sunday,0.0,26,Early Sunday Game,359
Ben YurosekO,TE,"MIN 21 @ CLE 17, Final",,$10,—,0.0,27,2025-10-06 13:01:51,Week 5,Sunday,0.0,10,Early Sunday Game,360
Gavin BartholomewPUP,TE,"MIN 21 @ CLE 17, Final",,$10,—,0.0,25,2025-10-06 13:01:51,Week 5,Sunday,0.0,10,Early Sunday Game,361
Trey BensonIR,RB,"TEN 22 @ ARI 21, Final",,$24,7.2,0.0,312,2025-10-06 13:37:05,Week 5,Sunday,0.0,24,1:00 PM (10 NFL Games),362
Tai Felton,WR,"MIN 21 @ CLE 17, Final",,$10,0.5,0.0,24,2025-10-06 13:01:51,Week 5,Sunday,0.0,10,Early Sunday Game,363
J.J. McCarthyO,QB,"MIN 21 @ CLE 17, Final",,$20,14.0,0.0,23,2025-10-06 13:01:51,Week 5,Sunday,0.0,20,Early Sunday Game,364
Desmond Ridder,QB,"MIN 21 @ CLE 17, Final",,$20,4.8,0.0,22,2025-10-06 13:01:51,Week 5,Sunday,0.0,20,Early Sunday Game,365
Nick Vannett,TE,"MIN 21 @ CLE 17, Final",,$10,3.1,0.0,21,2025-10-06 13:01:51,Week 5,Sunday,0.0,10,Early Sunday Game,366
Adam Thielen,WR,"MIN 21 @ CLE 17, Final",,$11,1.9,0.0,20,2025-10-06 13:01:51,Week 5,Sunday,0.0,11,Early Sunday Game,367
Scott Matlock,RB,"WAS 27 @ LAC 10, Final",,$10,0.6,0.0,328,2025-10-06 13:37:05,Week 5,Sunday,0.0,10,1:00 PM (10 NFL Games),368
Jake Bobo,WR,"TB 38 @ SEA 35, Final",,$10,2.2,0.0,297,2025-10-06 13:37:04,Week 5,Sunday,0.0,10,1:00 PM (10 NFL Games),369
Drew Lock,QB,"TB 38 @ SEA 35, Final",,$20,0.5,0.0,296,2025-10-06 13:37:04,Week 5,Sunday,0.0,20,1:00 PM (10 NFL Games),370
Eric Saubert,TE,"TB 38 @ SEA 35, Final",,$10,0.4,0.0,295,2025-10-06 13:37:04,Week 5,Sunday,0.0,10,1:00 PM (10 NFL Games),371
Brandon Allen,QB,"TEN 22 @ ARI 21, Final",,$20,2.8,0.0,304,2025-10-06 13:37:04,Week 5,Sunday,0.0,20,1:00 PM (10 NFL Games),372
Zach Ertz,TE,"WAS 27 @ LAC 10, Final",TGT,$16,7.2,0.0,318,2025-10-06 13:37:05,Week 5,Sunday,0.0,16,1:00 PM (10 NFL Games),373
Gunner Olszewski,WR,"NYG 14 @ NO 26, Final",,$10,—,0.0,243,2025-10-06 13:37:03,Week 5,Sunday,0.0,10,1:00 PM (10 NFL Games),374
Patrick RicardO,RB,"HOU 44 @ BAL 10, Final",,$10,2.2,0.0,232,2025-10-06 13:37:03,Week 5,Sunday,0.0,10,1:00 PM (10 NFL Games),375
Tank DellPUP,WR,"HOU 44 @ BAL 10, Final",,$11,8.2,0.0,230,2025-10-06 13:37:03,Week 5,Sunday,0.0,11,1:00 PM (10 NFL Games),376
Braxton Berrios,WR,"HOU 44 @ BAL 10, Final",,$10,—,0.0,229,2025-10-06 13:37:03,Week 5,Sunday,0.0,10,1:00 PM (10 NFL Games),377
Dare Ogunbowale,RB,"HOU 44 @ BAL 10, Final",,$10,0.4,0.0,228,2025-10-06 13:37:03,Week 5,Sunday,0.0,10,1:00 PM (10 NFL Games),378
Cameron Latu,TE,"DEN 21 @ PHI 17, Final",,$10,—,0.0,227,2025-10-06 13:37:03,Week 5,Sunday,0.0,10,1:00 PM (10 NFL Games),379
Xavier Gipson,WR,"DEN 21 @ PHI 17, Final",,$10,—,0.0,226,2025-10-06 13:37:03,Week 5,Sunday,0.0,10,1:00 PM (10 NFL Games),380
Tanner McKee,QB,"DEN 21 @ PHI 17, Final",,$20,14.4,0.0,225,2025-10-06 13:37:03,Week 5,Sunday,0.0,20,1:00 PM (10 NFL Games),381
Jameis Winston,QB,"NYG 14 @ NO 26, Final",,$20,13.0,0.0,242,2025-10-06 13:37:03,Week 5,Sunday,0.0,20,1:00 PM (10 NFL Games),382
Jalin Hyatt,WR,"NYG 14 @ NO 26, Final",3 TGT,$10,—,0.0,244,2025-10-06 13:37:03,Week 5,Sunday,0.0,10,1:00 PM (10 NFL Games),383
Jacoby Brissett,QB,"TEN 22 @ ARI 21, Final",,$20,0.1,0.0,309,2025-10-06 13:37:05,Week 5,Sunday,0.0,20,1:00 PM (10 NFL Games),384
Lucas KrullIR,TE,"DEN 21 @ PHI 17, Final",,$10,0.8,0.0,217,2025-10-06 13:37:02,Week 5,Sunday,0.0,10,1:00 PM (10 NFL Games),385
Thomas Fidone II,TE,"NYG 14 @ NO 26, Final",,$10,—,0.0,248,2025-10-06 13:37:03,Week 5,Sunday,0.0,10,1:00 PM (10 NFL Games),386
Jackson Hawes,TE,"NE 23 @ BUF 20, Final",,$10,3.4,0.0,32,2025-10-06 13:37:51,Week 5,Sunday,0.0,10,8:20 PM (1 NFL Game),387
Malik NabersIR,WR,"NYG 14 @ NO 26, Final",,$10,12.0,0.0,246,2025-10-06 13:37:03,Week 5,Sunday,0.0,10,1:00 PM (10 NFL Games),388
Eric GrayPUP,RB,"NYG 14 @ NO 26, Final",,$10,0.9,0.0,245,2025-10-06 13:37:03,Week 5,Sunday,0.0,10,1:00 PM (10 NFL Games),389
Isaiah Williams,WR,"DAL 37 @ NYJ 22, Final",,$10,—,0.0,213,2025-10-06 13:36:39,Week 5,Sunday,0.0,10,9:30 AM (1 NFL Game),390
Pat Bryant,WR,"DEN 21 @ PHI 17, Final",,$10,1.4,0.0,220,2025-10-06 13:37:02,Week 5,Sunday,0.0,10,1:00 PM (10 NFL Games),391
Jaleel McLaughlin,RB,"DEN 21 @ PHI 17, Final",,$10,5.0,0.0,218,2025-10-06 13:37:02,Week 5,Sunday,0.0,10,1:00 PM (10 NFL Games),392
Lamar JacksonO,QB,"HOU 44 @ BAL 10, Final",,$43,23.6,0.0,233,2025-10-06 13:37:03,Week 5,Sunday,0.0,43,1:00 PM (10 NFL Games),393
Jermaine Burton,WR,"DET 37 @ CIN 24, Final",,$10,1.6,0.0,342,2025-10-06 13:37:05,Week 5,Sunday,0.0,10,1:00 PM (10 NFL Games),394
Rashod Bateman,WR,"HOU 44 @ BAL 10, Final",3 TGT,$17,4.4,0.0,234,2025-10-06 13:37:03,Week 5,Sunday,0.0,17,1:00 PM (10 NFL Games),395
Marcus Mariota,QB,"WAS 27 @ LAC 10, Final",,$20,12.5,0.0,319,2025-10-06 13:37:05,Week 5,Sunday,0.0,20,1:00 PM (10 NFL Games),396
Nick Kallerup,TE,"TB 38 @ SEA 35, Final",,$10,—,0.0,301,2025-10-06 13:37:04,Week 5,Sunday,0.0,10,1:00 PM (10 NFL Games),397
Kalel MullingsIR,RB,"TEN 22 @ ARI 21, Final",,$10,—,0.0,308,2025-10-06 13:37:05,Week 5,Sunday,0.0,10,1:00 PM (10 NFL Games),398
David Martin-Robinson,TE,"TEN 22 @ ARI 21, Final",,$10,—,0.0,307,2025-10-06 13:37:05,Week 5,Sunday,0.0,10,1:00 PM (10 NFL Games),399
Bryce OliverO,WR,"TEN 22 @ ARI 21, Final",,$10,0.7,0.0,306,2025-10-06 13:37:05,Week 5,Sunday,0.0,10,1:00 PM (10 NFL Games),400
Van Jefferson,WR,"TEN 22 @ ARI 21, Final",,$10,1.5,0.0,305,2025-10-06 13:37:05,Week 5,Sunday,0.0,10,1:00 PM (10 NFL Games),401
Cody White,WR,"TB 38 @ SEA 35, Final",,$10,—,0.0,303,2025-10-06 13:37:04,Week 5,Sunday,0.0,10,1:00 PM (10 NFL Games),402
Kalif RaymondQ,WR,"DET 37 @ CIN 24, Final",,$10,2.9,0.0,331,2025-10-06 13:37:05,Week 5,Sunday,0.0,10,1:00 PM (10 NFL Games),403
Tampa Bay Buccaneers,DEF,"TB 38 @ SEA 35, Final","35 PTS ALLOWED,INT,FUM REC",$12,4.6,0.0,302,2025-10-06 13:37:04,Week 5,Sunday,0.0,12,1:00 PM (10 NFL Games),404
Jarrett Stidham,QB,"DEN 21 @ PHI 17, Final",,$20,0.2,0.0,215,2025-10-06 13:37:02,Week 5,Sunday,0.0,20,1:00 PM (10 NFL Games),405
Devontez Walker,WR,"HOU 44 @ BAL 10, Final",,$10,6.5,0.0,236,2025-10-06 13:37:03,Week 5,Sunday,0.0,10,1:00 PM (10 NFL Games),406
Josh Johnson,QB,"WAS 27 @ LAC 10, Final",,$20,0.2,0.0,317,2025-10-06 13:37:05,Week 5,Sunday,0.0,20,1:00 PM (10 NFL Games),407
Jordan Mims,RB,"TEN 22 @ ARI 21, Final",,$10,—,0.0,316,2025-10-06 13:37:05,Week 5,Sunday,0.0,10,1:00 PM (10 NFL Games),408
Chris Manhertz,TE,"NYG 14 @ NO 26, Final",,$10,0.6,0.0,241,2025-10-06 13:37:03,Week 5,Sunday,0.0,10,1:00 PM (10 NFL Games),409
Russell Wilson,QB,"NYG 14 @ NO 26, Final",,$20,12.5,0.0,240,2025-10-06 13:37:03,Week 5,Sunday,0.0,20,1:00 PM (10 NFL Games),410
Jakob JohnsonIR,RB,"HOU 44 @ BAL 10, Final",,$10,—,0.0,239,2025-10-06 13:37:03,Week 5,Sunday,0.0,10,1:00 PM (10 NFL Games),411
LaJohntay Wester,WR,"HOU 44 @ BAL 10, Final",,$10,—,0.0,238,2025-10-06 13:37:03,Week 5,Sunday,0.0,10,1:00 PM (10 NFL Games),412
Rasheen Ali,RB,"HOU 44 @ BAL 10, Final",,$10,0.1,0.0,237,2025-10-06 13:37:03,Week 5,Sunday,0.0,10,1:00 PM (10 NFL Games),413
Max Brosmer,QB,"MIN 21 @ CLE 17, Final","RUSH ATT,-1 RUSH YD",$20,0.5,-0.1,35,2025-10-06 13:01:51,Week 5,Sunday,-0.1,20,Early Sunday Game,414
Ollie Gordon II,RB,"MIA 24 @ CAR 27, Final","3 RUSH ATT,-2 RUSH YD",$11,2.6,-0.2,348,2025-10-06 13:36:43,Week 5,Sunday,-0.2,11,9:30 AM (1 NFL Game),415
Zavier Scott,RB,"MIN 21 @ CLE 17, Final","5 RUSH ATT,18 RUSH YD,FUM LOST",$16,6.2,-0.2,36,2025-10-06 13:01:51,Week 5,Sunday,-0.2,16,Early Sunday Game,416
Jalen Milroe,QB,"TB 38 @ SEA 35, Final","RUSH ATT,FUM LOST",$20,-0.5,-2.0,350,2025-10-06 13:36:43,Week 5,Sunday,-2.0,20,9:30 AM (1 NFL Game),417
Baltimore Ravens,DEF,"HOU 44 @ BAL 10, Final","44 PTS ALLOWED,2 SACK",$12,0.6,-2.0,349,2025-10-06 13:36:43,Week 5,Sunday,-2.0,12,9:30 AM (1 NFL Game),418
New York Jets,DEF,"DAL 37 @ NYJ 22, Final","37 PTS ALLOWED,SACK",$10,1.8,-3.0,351,2025-10-06 13:37:06,Week 5,Sunday,-3.0,10,1:00 PM (10 NFL Games),419
Seattle Seahawks,DEF,"TB 38 @ SEA 35, Final","38 PTS ALLOWED,SACK",$18,9.2,-3.0,352,2025-10-06 13:36:43,Week 5,Sunday,-3.0,18,9:30 AM (1 NFL Game),420
Las Vegas Raiders,DEF,"LV 6 @ IND 40, Final",40 PTS ALLOWED,$10,2.6,-4.0,353,2025-10-06 13:37:06,Week 5,Sunday,-4.0,10,1:00 PM (10 NFL Games),421
